-- phpMyAdmin SQL Dump
-- version 5.1.1
-- https://www.phpmyadmin.net/
--
-- Máy chủ: 127.0.0.1
-- Thời gian đã tạo: Th1 12, 2022 lúc 04:52 AM
-- Phiên bản máy phục vụ: 10.4.21-MariaDB
-- Phiên bản PHP: 8.0.10

SET SQL_MODE = "NO_AUTO_VALUE_ON_ZERO";
START TRANSACTION;
SET time_zone = "+00:00";


/*!40101 SET @OLD_CHARACTER_SET_CLIENT=@@CHARACTER_SET_CLIENT */;
/*!40101 SET @OLD_CHARACTER_SET_RESULTS=@@CHARACTER_SET_RESULTS */;
/*!40101 SET @OLD_COLLATION_CONNECTION=@@COLLATION_CONNECTION */;
/*!40101 SET NAMES utf8mb4 */;

--
-- Cơ sở dữ liệu: `quanlyhocsinh5`
--

-- --------------------------------------------------------

--
-- Cấu trúc bảng cho bảng `admin`
--

CREATE TABLE `admin` (
  `username` varchar(50) COLLATE utf8mb4_bin NOT NULL,
  `pass` varchar(200) COLLATE utf8mb4_bin NOT NULL
) ENGINE=InnoDB DEFAULT CHARSET=utf8mb4 COLLATE=utf8mb4_bin;

--
-- Đang đổ dữ liệu cho bảng `admin`
--

INSERT INTO `admin` (`username`, `pass`) VALUES
('duychiencloud', '30122001dtc');

-- --------------------------------------------------------

--
-- Cấu trúc bảng cho bảng `bomon`
--

CREATE TABLE `bomon` (
  `MaBoMon` varchar(50) COLLATE utf8mb4_bin NOT NULL,
  `TenBoMon` varchar(200) CHARACTER SET utf8 NOT NULL
) ENGINE=InnoDB DEFAULT CHARSET=utf8mb4 COLLATE=utf8mb4_bin;

--
-- Đang đổ dữ liệu cho bảng `bomon`
--

INSERT INTO `bomon` (`MaBoMon`, `TenBoMon`) VALUES
('TuNhien', 'Tự nhiên'),
('XaHoi', 'Xã hội');

-- --------------------------------------------------------

--
-- Cấu trúc bảng cho bảng `danhgia`
--

CREATE TABLE `danhgia` (
  `MaHS` varchar(50) COLLATE utf8mb4_bin NOT NULL,
  `MaLop` varchar(50) COLLATE utf8mb4_bin NOT NULL,
  `HanhKiem` varchar(100) COLLATE utf8mb4_bin DEFAULT NULL,
  `HocLuc` varchar(100) COLLATE utf8mb4_bin DEFAULT NULL,
  `XepLoai` varchar(100) COLLATE utf8mb4_bin DEFAULT NULL
) ENGINE=InnoDB DEFAULT CHARSET=utf8mb4 COLLATE=utf8mb4_bin;

--
-- Đang đổ dữ liệu cho bảng `danhgia`
--

INSERT INTO `danhgia` (`MaHS`, `MaLop`, `HanhKiem`, `HocLuc`, `XepLoai`) VALUES
('HS001', 'Lop00', 'Khá', 'Khá', 'Khá'),
('HS001', 'Lop00_7', '', '', ''),
('HS002', 'Lop00', 'Yếu', 'Trung bình', 'Yếu'),
('HS002', 'Lop00_7', '', '', ''),
('HS003', 'Lop00', 'Tốt', 'Khá', 'Khá'),
('HS003', 'Lop00_7', '', '', ''),
('HS004', 'Lop00', 'Tốt', 'Khá', 'Khá'),
('HS004', 'Lop00_7', '', '', ''),
('HS005', 'Lop00', 'Trung bình', 'Trung bình', 'Trung Binh'),
('HS005', 'Lop00_7', '', '', ''),
('HS1', 'Lop01', '', '', ''),
('HS10', 'Lop01', '', '', ''),
('HS100', 'Lop04', '', '', ''),
('HS101', 'Lop04', '', '', ''),
('HS102', 'Lop04', '', '', ''),
('HS103', 'Lop04', '', '', ''),
('HS104', 'Lop04', '', '', ''),
('HS105', 'Lop04', '', '', ''),
('HS106', 'Lop04', '', '', ''),
('HS107', 'Lop04', '', '', ''),
('HS108', 'Lop04', '', '', ''),
('HS109', 'Lop04', '', '', ''),
('HS11', 'Lop01', '', '', ''),
('HS110', 'Lop04', '', '', ''),
('HS111', 'Lop04', '', '', ''),
('HS112', 'Lop04', '', '', ''),
('HS113', 'Lop04', '', '', ''),
('HS114', 'Lop04', '', '', ''),
('HS115', 'Lop04', '', '', ''),
('HS116', 'Lop04', '', '', ''),
('HS117', 'Lop04', '', '', ''),
('HS118', 'Lop04', '', '', ''),
('HS119', 'Lop04', '', '', ''),
('HS12', 'Lop01', '', '', ''),
('HS120', 'Lop05', '', '', ''),
('HS121', 'Lop07', '', '', ''),
('HS122', 'Lop07', '', '', ''),
('HS123', 'Lop07', '', '', ''),
('HS124', 'Lop07', '', '', ''),
('HS125', 'Lop07', '', '', ''),
('HS126', 'Lop07', '', '', ''),
('HS127', 'Lop07', '', '', ''),
('HS128', 'Lop07', '', '', ''),
('HS129', 'Lop07', '', '', ''),
('HS13', 'Lop01', '', '', ''),
('HS130', 'Lop07', '', '', ''),
('HS131', 'Lop07', '', '', ''),
('HS132', 'Lop07', '', '', ''),
('HS133', 'Lop07', '', '', ''),
('HS134', 'Lop07', '', '', ''),
('HS135', 'Lop07', '', '', ''),
('HS136', 'Lop07', '', '', ''),
('HS137', 'Lop07', '', '', ''),
('HS138', 'Lop07', '', '', ''),
('HS139', 'Lop07', '', '', ''),
('HS14', 'Lop01', '', '', ''),
('HS140', 'Lop07', '', '', ''),
('HS141', 'Lop08', '', '', ''),
('HS142', 'Lop08', '', '', ''),
('HS143', 'Lop08', '', '', ''),
('HS144', 'Lop08', '', '', ''),
('HS145', 'Lop08', '', '', ''),
('HS146', 'Lop08', '', '', ''),
('HS147', 'Lop08', '', '', ''),
('HS148', 'Lop08', '', '', ''),
('HS149', 'Lop08', '', '', ''),
('HS15', 'Lop01', '', '', ''),
('HS150', 'Lop08', '', '', ''),
('HS151', 'Lop08', '', '', ''),
('HS152', 'Lop08', '', '', ''),
('HS153', 'Lop08', '', '', ''),
('HS154', 'Lop08', '', '', ''),
('HS155', 'Lop08', '', '', ''),
('HS156', 'Lop08', '', '', ''),
('HS157', 'Lop08', '', '', ''),
('HS158', 'Lop08', '', '', ''),
('HS159', 'Lop08', '', '', ''),
('HS16', 'Lop01', '', '', ''),
('HS160', 'Lop08', '', '', ''),
('HS161', 'Lop09', '', '', ''),
('HS162', 'Lop09', '', '', ''),
('HS163', 'Lop09', '', '', ''),
('HS164', 'Lop09', '', '', ''),
('HS165', 'Lop09', '', '', ''),
('HS166', 'Lop09', '', '', ''),
('HS167', 'Lop09', '', '', ''),
('HS168', 'Lop09', '', '', ''),
('HS169', 'Lop09', '', '', ''),
('HS17', 'Lop01', '', '', ''),
('HS170', 'Lop09', '', '', ''),
('HS171', 'Lop09', '', '', ''),
('HS172', 'Lop09', '', '', ''),
('HS173', 'Lop09', '', '', ''),
('HS174', 'Lop09', '', '', ''),
('HS175', 'Lop09', '', '', ''),
('HS176', 'Lop09', '', '', ''),
('HS177', 'Lop09', '', '', ''),
('HS178', 'Lop09', '', '', ''),
('HS179', 'Lop09', '', '', ''),
('HS18', 'Lop01', '', '', ''),
('HS180', 'Lop09', '', '', ''),
('HS181', 'Lop10', '', '', ''),
('HS182', 'Lop10', '', '', ''),
('HS183', 'Lop10', '', '', ''),
('HS184', 'Lop10', '', '', ''),
('HS185', 'Lop10', '', '', ''),
('HS186', 'Lop10', '', '', ''),
('HS187', 'Lop10', '', '', ''),
('HS188', 'Lop10', '', '', ''),
('HS189', 'Lop10', '', '', ''),
('HS19', 'Lop01', '', '', ''),
('HS190', 'Lop10', '', '', ''),
('HS191', 'Lop10', '', '', ''),
('HS192', 'Lop10', '', '', ''),
('HS193', 'Lop10', '', '', ''),
('HS194', 'Lop10', '', '', ''),
('HS195', 'Lop10', '', '', ''),
('HS196', 'Lop10', '', '', ''),
('HS197', 'Lop10', '', '', ''),
('HS198', 'Lop10', '', '', ''),
('HS199', 'Lop10', '', '', ''),
('HS2', 'Lop01', '', '', ''),
('HS20', 'Lop01', '', '', ''),
('HS200', 'Lop10', '', '', ''),
('HS21', 'Lop01', '', '', ''),
('HS22', 'Lop01', '', '', ''),
('HS23', 'Lop01', '', '', ''),
('HS24', 'Lop01', '', '', ''),
('HS25', 'Lop01', '', '', ''),
('HS26', 'Lop01', '', '', ''),
('HS27', 'Lop01', '', '', ''),
('HS28', 'Lop02', '', '', ''),
('HS29', 'Lop02', '', '', ''),
('HS3', 'Lop02', '', '', ''),
('HS30', 'Lop02', '', '', ''),
('HS31', 'Lop02', '', '', ''),
('HS32', 'Lop02', '', '', ''),
('HS33', 'Lop02', '', '', ''),
('HS34', 'Lop02', '', '', ''),
('HS35', 'Lop02', '', '', ''),
('HS36', 'Lop02', '', '', ''),
('HS37', 'Lop02', '', '', ''),
('HS38', 'Lop02', '', '', ''),
('HS39', 'Lop02', '', '', ''),
('HS4', 'Lop02', '', '', ''),
('HS40', 'Lop02', '', '', ''),
('HS41', 'Lop02', '', '', ''),
('HS42', 'Lop02', '', '', ''),
('HS43', 'Lop02', '', '', ''),
('HS44', 'Lop02', '', '', ''),
('HS45', 'Lop02', '', '', ''),
('HS46', 'Lop03', '', '', ''),
('HS47', 'Lop03', '', '', ''),
('HS48', 'Lop03', '', '', ''),
('HS49', 'Lop03', '', '', ''),
('HS5', 'Lop03', '', '', ''),
('HS50', 'Lop03', '', '', ''),
('HS51', 'Lop03', '', '', ''),
('HS52', 'Lop03', '', '', ''),
('HS53', 'Lop03', '', '', ''),
('HS54', 'Lop03', '', '', ''),
('HS55', 'Lop03', '', '', ''),
('HS56', 'Lop03', '', '', ''),
('HS57', 'Lop03', '', '', ''),
('HS58', 'Lop03', '', '', ''),
('HS59', 'Lop03', '', '', ''),
('HS6', 'Lop03', '', '', ''),
('HS60', 'Lop03', '', '', ''),
('HS61', 'Lop06', '', '', ''),
('HS62', 'Lop05', '', '', ''),
('HS63', 'Lop05', '', '', ''),
('HS64', 'Lop05', '', '', ''),
('HS65', 'Lop05', '', '', ''),
('HS66', 'Lop05', '', '', ''),
('HS67', 'Lop05', '', '', ''),
('HS68', 'Lop05', '', '', ''),
('HS69', 'Lop05', '', '', ''),
('HS7', 'Lop03', '', '', ''),
('HS70', 'Lop05', '', '', ''),
('HS71', 'Lop05', '', '', ''),
('HS72', 'Lop05', '', '', ''),
('HS73', 'Lop05', '', '', ''),
('HS74', 'Lop05', '', '', ''),
('HS75', 'Lop05', '', '', ''),
('HS76', 'Lop05', '', '', ''),
('HS77', 'Lop05', '', '', ''),
('HS78', 'Lop05', '', '', ''),
('HS79', 'Lop05', '', '', ''),
('HS8', 'Lop03', '', '', ''),
('HS80', 'Lop06', '', '', ''),
('HS81', 'Lop06', '', '', ''),
('HS82', 'Lop06', '', '', ''),
('HS83', 'Lop06', '', '', ''),
('HS84', 'Lop06', '', '', ''),
('HS85', 'Lop06', '', '', ''),
('HS86', 'Lop06', '', '', ''),
('HS87', 'Lop06', '', '', ''),
('HS88', 'Lop06', '', '', ''),
('HS89', 'Lop05', '', '', ''),
('HS9', 'Lop03', '', '', ''),
('HS90', 'Lop06', '', '', ''),
('HS91', 'Lop06', '', '', ''),
('HS92', 'Lop06', '', '', ''),
('HS93', 'Lop06', '', '', ''),
('HS94', 'Lop06', '', '', ''),
('HS95', 'Lop06', '', '', ''),
('HS96', 'Lop06', '', '', ''),
('HS97', 'Lop06', '', '', ''),
('HS98', 'Lop06', '', '', ''),
('HS99', 'Lop06', '', '', '');

-- --------------------------------------------------------

--
-- Cấu trúc bảng cho bảng `dayhoc`
--

CREATE TABLE `dayhoc` (
  `MaMon` varchar(50) COLLATE utf8mb4_bin NOT NULL,
  `MaLop` varchar(50) COLLATE utf8mb4_bin NOT NULL,
  `MaGV` varchar(50) COLLATE utf8mb4_bin NOT NULL
) ENGINE=InnoDB DEFAULT CHARSET=utf8mb4 COLLATE=utf8mb4_bin;

--
-- Đang đổ dữ liệu cho bảng `dayhoc`
--

INSERT INTO `dayhoc` (`MaMon`, `MaLop`, `MaGV`) VALUES
('Toan7', 'Lop00_7', 'GV1'),
('CongDan7', 'Lop04', 'GV10'),
('CongDan7', 'Lop05', 'GV10'),
('CongDan8', 'Lop08', 'GV10'),
('CongDan9', 'Lop10', 'GV10'),
('CongNghe7', 'Lop06', 'GV10'),
('DiaLy6', 'Lop00', 'GV10'),
('DiaLy7', 'Lop00_7', 'GV10'),
('DiaLy7', 'Lop04', 'GV10'),
('Nhac7', 'Lop05', 'GV10'),
('Nhac8', 'Lop07', 'GV10'),
('Nhac9', 'Lop10', 'GV10'),
('TheDuc7', 'Lop00_7', 'GV10'),
('Van7', 'Lop04', 'GV10'),
('HoaHoc8', 'Lop07', 'GV11'),
('HoaHoc8', 'Lop08', 'GV11'),
('Tin7', 'Lop05', 'GV11'),
('Toan7', 'Lop05', 'GV11'),
('CongDan9', 'Lop09', 'GV12'),
('CongNghe6', 'Lop00', 'GV12'),
('DiaLy9', 'Lop10', 'GV12'),
('LichSu6', 'Lop03', 'GV12'),
('LichSu9', 'Lop09', 'GV12'),
('Nhac6', 'Lop03', 'GV12'),
('Nhac7', 'Lop00_7', 'GV12'),
('Nhac9', 'Lop09', 'GV12'),
('TheDuc6', 'Lop02', 'GV12'),
('TheDuc9', 'Lop10', 'GV12'),
('SinhHoc9', 'Lop09', 'GV13'),
('Toan8', 'Lop07', 'GV13'),
('Toan9', 'Lop10', 'GV13'),
('Anh9', 'Lop10', 'GV14'),
('CongNghe6', 'Lop03', 'GV14'),
('CongNghe9', 'Lop10', 'GV14'),
('DiaLy6', 'Lop03', 'GV14'),
('DiaLy8', 'Lop07', 'GV14'),
('LichSu7', 'Lop00_7', 'GV14'),
('TheDuc8', 'Lop08', 'GV14'),
('Anh8', 'Lop08', 'GV15'),
('CongDan6', 'Lop00', 'GV15'),
('CongDan6', 'Lop03', 'GV15'),
('CongNghe7', 'Lop05', 'GV15'),
('LichSu9', 'Lop10', 'GV15'),
('Nhac8', 'Lop08', 'GV15'),
('TheDuc6', 'Lop00', 'GV15'),
('Van7', 'Lop05', 'GV15'),
('Anh7', 'Lop04', 'GV16'),
('DiaLy8', 'Lop08', 'GV16'),
('Nhac7', 'Lop06', 'GV16'),
('TheDuc6', 'Lop01', 'GV16'),
('Van6', 'Lop01', 'GV16'),
('Van6', 'Lop02', 'GV16'),
('Van6', 'Lop03', 'GV16'),
('CongNghe7', 'Lop04', 'GV17'),
('CongNghe8', 'Lop07', 'GV17'),
('LichSu6', 'Lop02', 'GV17'),
('LichSu7', 'Lop04', 'GV17'),
('LichSu7', 'Lop05', 'GV17'),
('LichSu8', 'Lop07', 'GV17'),
('LichSu8', 'Lop08', 'GV17'),
('TheDuc7', 'Lop04', 'GV17'),
('Van8', 'Lop07', 'GV17'),
('Van8', 'Lop08', 'GV17'),
('SinhHoc9', 'Lop10', 'GV18'),
('Tin8', 'Lop07', 'GV18'),
('Tin9', 'Lop09', 'GV18'),
('Toan7', 'Lop04', 'GV18'),
('Toan7', 'Lop06', 'GV18'),
('Toan8', 'Lop08', 'GV18'),
('Tin7', 'Lop06', 'GV19'),
('HoaHoc9', 'Lop09', 'GV2'),
('HoaHoc9', 'Lop10', 'GV2'),
('Tin6', 'Lop02', 'GV2'),
('Tin6', 'Lop03', 'GV2'),
('Tin7', 'Lop04', 'GV2'),
('Tin8', 'Lop08', 'GV2'),
('Toan6', 'Lop01', 'GV2'),
('Toan6', 'Lop03', 'GV2'),
('CongDan6', 'Lop01', 'GV20'),
('CongDan6', 'Lop02', 'GV20'),
('CongNghe6', 'Lop01', 'GV20'),
('CongNghe9', 'Lop09', 'GV20'),
('Van7', 'Lop00_7', 'GV20'),
('Van9', 'Lop10', 'GV20'),
('SinhHoc8', 'Lop07', 'GV3'),
('SinhHoc8', 'Lop08', 'GV3'),
('Tin6', 'Lop00', 'GV3'),
('Tin6', 'Lop01', 'GV3'),
('Anh6', 'Lop00', 'GV4'),
('Anh9', 'Lop09', 'GV4'),
('CongDan7', 'Lop00_7', 'GV4'),
('CongDan8', 'Lop07', 'GV4'),
('DiaLy9', 'Lop09', 'GV4'),
('Nhac6', 'Lop01', 'GV4'),
('TheDuc9', 'Lop09', 'GV4'),
('Van6', 'Lop00', 'GV4'),
('Anh6', 'Lop03', 'GV5'),
('CongDan7', 'Lop06', 'GV5'),
('DiaLy7', 'Lop05', 'GV5'),
('LichSu6', 'Lop01', 'GV5'),
('Nhac6', 'Lop00', 'GV5'),
('TheDuc6', 'Lop03', 'GV5'),
('TheDuc7', 'Lop05', 'GV5'),
('Anh6', 'Lop02', 'GV6'),
('Anh7', 'Lop00_7', 'GV6'),
('Anh7', 'Lop05', 'GV6'),
('CongNghe6', 'Lop02', 'GV6'),
('CongNghe7', 'Lop00_7', 'GV6'),
('CongNghe8', 'Lop08', 'GV6'),
('DiaLy6', 'Lop01', 'GV6'),
('DiaLy6', 'Lop02', 'GV6'),
('LichSu7', 'Lop06', 'GV6'),
('Nhac7', 'Lop04', 'GV6'),
('TheDuc7', 'Lop06', 'GV6'),
('TheDuc8', 'Lop07', 'GV6'),
('Van7', 'Lop06', 'GV6'),
('Van9', 'Lop09', 'GV6'),
('Toan6', 'Lop00', 'GV7'),
('Toan6', 'Lop02', 'GV7'),
('Toan9', 'Lop09', 'GV7'),
('Tin7', 'Lop00_7', 'GV8'),
('Tin9', 'Lop10', 'GV8'),
('Anh6', 'Lop01', 'GV9'),
('Anh7', 'Lop06', 'GV9'),
('Anh8', 'Lop07', 'GV9'),
('DiaLy7', 'Lop06', 'GV9'),
('LichSu6', 'Lop00', 'GV9'),
('Nhac6', 'Lop02', 'GV9');

-- --------------------------------------------------------

--
-- Cấu trúc bảng cho bảng `diem`
--

CREATE TABLE `diem` (
  `MaHS` varchar(50) COLLATE utf8mb4_bin NOT NULL,
  `MaLop` varchar(50) COLLATE utf8mb4_bin NOT NULL,
  `MaMon` varchar(50) COLLATE utf8mb4_bin NOT NULL,
  `Diem15PhutHK1` float DEFAULT NULL,
  `Diem1TietHK1` float DEFAULT NULL,
  `DiemGiuaKyHK1` float DEFAULT NULL,
  `DiemCuoiKyHK1` float DEFAULT NULL,
  `DiemTbHK1` float DEFAULT NULL,
  `Diem15PhutHK2` float DEFAULT NULL,
  `Diem1TietHK2` float DEFAULT NULL,
  `DiemGiuaKyHK2` float DEFAULT NULL,
  `DiemCuoiKyHK2` float DEFAULT NULL,
  `DiemTbHK2` float DEFAULT NULL,
  `DiemTbMon` float DEFAULT NULL
) ENGINE=InnoDB DEFAULT CHARSET=utf8mb4 COLLATE=utf8mb4_bin;

--
-- Đang đổ dữ liệu cho bảng `diem`
--

INSERT INTO `diem` (`MaHS`, `MaLop`, `MaMon`, `Diem15PhutHK1`, `Diem1TietHK1`, `DiemGiuaKyHK1`, `DiemCuoiKyHK1`, `DiemTbHK1`, `Diem15PhutHK2`, `Diem1TietHK2`, `DiemGiuaKyHK2`, `DiemCuoiKyHK2`, `DiemTbHK2`, `DiemTbMon`) VALUES
('HS001', 'Lop00', 'Anh6', 5, 7, 8, 10, 8.3, 8, 10, 8, 9, 8.8, 8.55),
('HS001', 'Lop00', 'CongDan6', 7, 5, 9, 6, 6.8, 6, 5, 5, 5, 5.1, 5.95),
('HS001', 'Lop00', 'CongNghe6', 9, 9, 6, 10, 8.5, 10, 10, 10, 10, 10, 9.25),
('HS001', 'Lop00', 'DiaLy6', 4, 3, 8, 7, 6.2, 3, 7, 10, 10, 8.7, 7.45),
('HS001', 'Lop00', 'LichSu6', 5, 10, 7, 7, 7.4, 10, 10, 7, 10, 9.1, 8.25),
('HS001', 'Lop00', 'Nhac6', 7, 5, 10, 6, 7.1, 9, 3, 5, 10, 7, 7.05),
('HS001', 'Lop00', 'TheDuc6', 8, 9, 8, 10, 9, 7, 10, 7, 8, 8, 8.5),
('HS001', 'Lop00', 'Tin6', 9, 8, 8, 9, 8.5, 8, 7, 9, 5, 6.9, 7.7),
('HS001', 'Lop00', 'Toan6', 10, 7, 4, 10, 7.6, 5, 10, 3, 5, 5.4, 6.5),
('HS001', 'Lop00', 'Van6', 8, 7, 8, 3, 5.8, 4, 8, 6, 7, 6.6, 6.2),
('HS001', 'Lop00_7', 'Anh7', 4, -1, -1, -1, -1, -1, -1, -1, -1, -1, -1),
('HS001', 'Lop00_7', 'CongDan7', -1, -1, -1, -1, -1, -1, -1, -1, -1, -1, -1),
('HS001', 'Lop00_7', 'CongNghe7', -1, -1, -1, -1, -1, -1, -1, -1, -1, -1, -1),
('HS001', 'Lop00_7', 'DiaLy7', -1, -1, -1, -1, -1, -1, -1, -1, -1, -1, -1),
('HS001', 'Lop00_7', 'LichSu7', -1, -1, -1, -1, -1, -1, -1, -1, -1, -1, -1),
('HS001', 'Lop00_7', 'Nhac7', -1, -1, -1, -1, -1, -1, -1, -1, -1, -1, -1),
('HS001', 'Lop00_7', 'TheDuc7', -1, -1, -1, -1, -1, -1, -1, -1, -1, -1, -1),
('HS001', 'Lop00_7', 'Tin7', -1, -1, -1, -1, -1, -1, -1, -1, -1, -1, -1),
('HS001', 'Lop00_7', 'Toan7', -1, -1, -1, -1, -1, -1, -1, -1, -1, -1, -1),
('HS001', 'Lop00_7', 'Van7', -1, -1, -1, -1, -1, -1, -1, -1, -1, -1, -1),
('HS002', 'Lop00', 'Anh6', 10, 8, 6, 8, 7.6, 7, 8, 5, 2, 4.6, 6.1),
('HS002', 'Lop00', 'CongDan6', 9, 3, 5, 4, 4.6, 9, 3, 9, 9, 7.8, 6.2),
('HS002', 'Lop00', 'CongNghe6', 6, 6, 8, 9, 7.8, 5, 3, 6, 9, 6.5, 7.15),
('HS002', 'Lop00', 'DiaLy6', 10, 5, 4, 0, 3.2, 9, 6, 6, 6, 6.3, 4.75),
('HS002', 'Lop00', 'LichSu6', 1, 8, 9, 9, 8, 8, 9, 6, 6, 6.8, 7.4),
('HS002', 'Lop00', 'Nhac6', 9, 9, 8, 5, 7.1, 4, 9, 9, 8, 8.1, 7.6),
('HS002', 'Lop00', 'TheDuc6', 6, 8, 3, 9, 6.7, 10, 6, 6, 6, 6.4, 6.55),
('HS002', 'Lop00', 'Tin6', 6, 9, 6, 5, 6.2, 9, 3, 6, 9, 6.9, 6.55),
('HS002', 'Lop00', 'Toan6', 5, 10, 8, 8, 8.1, 10, 6, 9, 8, 8.1, 8.1),
('HS002', 'Lop00', 'Van6', 6, 10, 7, 9, 8.3, 6, 10, 5, 5, 6.1, 7.2),
('HS002', 'Lop00_7', 'Anh7', -1, -1, -1, -1, -1, -1, -1, -1, -1, -1, -1),
('HS002', 'Lop00_7', 'CongDan7', -1, -1, -1, -1, -1, -1, -1, -1, -1, -1, -1),
('HS002', 'Lop00_7', 'CongNghe7', -1, -1, -1, -1, -1, -1, -1, -1, -1, -1, -1),
('HS002', 'Lop00_7', 'DiaLy7', -1, -1, -1, -1, -1, -1, -1, -1, -1, -1, -1),
('HS002', 'Lop00_7', 'LichSu7', -1, -1, -1, -1, -1, -1, -1, -1, -1, -1, -1),
('HS002', 'Lop00_7', 'Nhac7', -1, -1, -1, -1, -1, -1, -1, -1, -1, -1, -1),
('HS002', 'Lop00_7', 'TheDuc7', -1, -1, -1, -1, -1, -1, -1, -1, -1, -1, -1),
('HS002', 'Lop00_7', 'Tin7', -1, -1, -1, -1, -1, -1, -1, -1, -1, -1, -1),
('HS002', 'Lop00_7', 'Toan7', -1, -1, -1, -1, -1, -1, -1, -1, -1, -1, -1),
('HS002', 'Lop00_7', 'Van7', -1, -1, -1, -1, -1, -1, -1, -1, -1, -1, -1),
('HS003', 'Lop00', 'Anh6', 8, 7, 7, 5, 6.3, 9, 5, 9, 6, 7, 6.65),
('HS003', 'Lop00', 'CongDan6', 8, 9, 8, 10, 9, 7, 7, 8, 8, 7.7, 8.35),
('HS003', 'Lop00', 'CongNghe6', 10, 10, 5, 5, 6.5, 9, 5, 9, 6, 7, 6.75),
('HS003', 'Lop00', 'DiaLy6', 7, 7, 6, 9, 7.5, 6, 4, 5, 1, 3.3, 5.4),
('HS003', 'Lop00', 'LichSu6', 8, 9, 8, 10, 9, 5, 6, 9, 8, 7.6, 8.3),
('HS003', 'Lop00', 'Nhac6', 3, 7, 6, 7, 6.3, 10, 7, 7, 9, 8.1, 7.2),
('HS003', 'Lop00', 'TheDuc6', 7, 6, 9, 5, 6.6, 8, 5, 4, 4, 4.6, 5.6),
('HS003', 'Lop00', 'Tin6', 7, 10, 4, 10, 7.9, 6, 9, 8, 7, 7.6, 7.75),
('HS003', 'Lop00', 'Toan6', 9, 8, 7, 2, 5.4, 8, 5, 7, 7, 6.7, 6.05),
('HS003', 'Lop00', 'Van6', 9, 6, 6, 2, 4.7, 7, 7, 3, 9, 6.6, 5.65),
('HS003', 'Lop00_7', 'Anh7', -1, -1, -1, -1, -1, -1, -1, -1, -1, -1, -1),
('HS003', 'Lop00_7', 'CongDan7', -1, -1, -1, -1, -1, -1, -1, -1, -1, -1, -1),
('HS003', 'Lop00_7', 'CongNghe7', -1, -1, -1, -1, -1, -1, -1, -1, -1, -1, -1),
('HS003', 'Lop00_7', 'DiaLy7', -1, -1, -1, -1, -1, -1, -1, -1, -1, -1, -1),
('HS003', 'Lop00_7', 'LichSu7', -1, -1, -1, -1, -1, -1, -1, -1, -1, -1, -1),
('HS003', 'Lop00_7', 'Nhac7', -1, -1, -1, -1, -1, -1, -1, -1, -1, -1, -1),
('HS003', 'Lop00_7', 'TheDuc7', -1, -1, -1, -1, -1, -1, -1, -1, -1, -1, -1),
('HS003', 'Lop00_7', 'Tin7', -1, -1, -1, -1, -1, -1, -1, -1, -1, -1, -1),
('HS003', 'Lop00_7', 'Toan7', -1, -1, -1, -1, -1, -1, -1, -1, -1, -1, -1),
('HS003', 'Lop00_7', 'Van7', -1, -1, -1, -1, -1, -1, -1, -1, -1, -1, -1),
('HS004', 'Lop00', 'Anh6', 9, 9, 9, 6, 7.8, 5, 9, 6, 8, 7.3, 7.55),
('HS004', 'Lop00', 'CongDan6', 5, 6, 10, 8, 7.9, 10, 10, 4, 6, 6.6, 7.25),
('HS004', 'Lop00', 'CongNghe6', 8, 5, 7, 8, 7.1, 8, 6, 8, 8, 7.6, 7.35),
('HS004', 'Lop00', 'DiaLy6', 8, 10, 10, 1, 6.2, 8, 3, 9, 9, 7.7, 6.95),
('HS004', 'Lop00', 'LichSu6', 9, 6, 10, 5, 7.1, 6, 8, 10, 7, 8, 7.55),
('HS004', 'Lop00', 'Nhac6', 5, 8, 5, 8, 6.8, 5, 8, 8, 6, 6.9, 6.85),
('HS004', 'Lop00', 'TheDuc6', 9, 7, 6, 8, 7.3, 5, 9, 3, 9, 6.8, 7.05),
('HS004', 'Lop00', 'Tin6', 8, 6, 9, 6, 7.1, 4, 6, 10, 6, 7, 7.05),
('HS004', 'Lop00', 'Toan6', 8, 9, 9, 4, 6.9, 9, 9, 8, 10, 9.1, 8),
('HS004', 'Lop00', 'Van6', 10, 4, 5, 5, 5.3, 1, 9, 9, 6, 7, 6.15),
('HS004', 'Lop00_7', 'Anh7', -1, -1, -1, -1, -1, -1, -1, -1, -1, -1, -1),
('HS004', 'Lop00_7', 'CongDan7', -1, -1, -1, -1, -1, -1, -1, -1, -1, -1, -1),
('HS004', 'Lop00_7', 'CongNghe7', -1, -1, -1, -1, -1, -1, -1, -1, -1, -1, -1),
('HS004', 'Lop00_7', 'DiaLy7', -1, -1, -1, -1, -1, -1, -1, -1, -1, -1, -1),
('HS004', 'Lop00_7', 'LichSu7', -1, -1, -1, -1, -1, -1, -1, -1, -1, -1, -1),
('HS004', 'Lop00_7', 'Nhac7', -1, -1, -1, -1, -1, -1, -1, -1, -1, -1, -1),
('HS004', 'Lop00_7', 'TheDuc7', -1, -1, -1, -1, -1, -1, -1, -1, -1, -1, -1),
('HS004', 'Lop00_7', 'Tin7', -1, -1, -1, -1, -1, -1, -1, -1, -1, -1, -1),
('HS004', 'Lop00_7', 'Toan7', -1, -1, -1, -1, -1, -1, -1, -1, -1, -1, -1),
('HS004', 'Lop00_7', 'Van7', -1, -1, -1, -1, -1, -1, -1, -1, -1, -1, -1),
('HS005', 'Lop00', 'Anh6', 6, 6, 5, 9, 6.9, 6, 6, 2, 4, 4, 5.45),
('HS005', 'Lop00', 'CongDan6', 6, 10, 6, 8, 7.6, 8, 6, 10, 10, 9, 8.3),
('HS005', 'Lop00', 'CongNghe6', 7, 7, 9, 6, 7.2, 4, 6, 5, 2, 3.9, 5.55),
('HS005', 'Lop00', 'DiaLy6', 2, 9, 8, 5, 6.4, 5, 9, 3, 8, 6.4, 6.4),
('HS005', 'Lop00', 'LichSu6', 0, 5, 6, 6, 5.2, 9, 4, 5, 2, 4, 4.6),
('HS005', 'Lop00', 'Nhac6', 6, 6, 9, 3, 5.7, 6, 5, 10, 7, 7.4, 6.55),
('HS005', 'Lop00', 'TheDuc6', 2, 6, 2, 6, 4.4, 8, 5, 9, 3, 5.7, 5.05),
('HS005', 'Lop00', 'Tin6', 5, 7, 7, 2, 4.8, 3, 5, 9, 8, 7.2, 6),
('HS005', 'Lop00', 'Toan6', 6, 8, 9, 9, 8.5, 2, 4, 10, 6, 6.4, 7.45),
('HS005', 'Lop00', 'Van6', 8, 8, 10, 6, 7.8, 9, 5, 8, 2, 5.1, 6.45),
('HS005', 'Lop00_7', 'Anh7', -1, -1, -1, -1, -1, -1, -1, -1, -1, -1, -1),
('HS005', 'Lop00_7', 'CongDan7', -1, -1, -1, -1, -1, -1, -1, -1, -1, -1, -1),
('HS005', 'Lop00_7', 'CongNghe7', -1, -1, -1, -1, -1, -1, -1, -1, -1, -1, -1),
('HS005', 'Lop00_7', 'DiaLy7', -1, -1, -1, -1, -1, -1, -1, -1, -1, -1, -1),
('HS005', 'Lop00_7', 'LichSu7', -1, -1, -1, -1, -1, -1, -1, -1, -1, -1, -1),
('HS005', 'Lop00_7', 'Nhac7', -1, -1, -1, -1, -1, -1, -1, -1, -1, -1, -1),
('HS005', 'Lop00_7', 'TheDuc7', -1, -1, -1, -1, -1, -1, -1, -1, -1, -1, -1),
('HS005', 'Lop00_7', 'Tin7', -1, -1, -1, -1, -1, -1, -1, -1, -1, -1, -1),
('HS005', 'Lop00_7', 'Toan7', -1, -1, -1, -1, -1, -1, -1, -1, -1, -1, -1),
('HS005', 'Lop00_7', 'Van7', -1, -1, -1, -1, -1, -1, -1, -1, -1, -1, -1),
('HS1', 'Lop01', 'Anh6', -1, -1, -1, -1, -1, -1, -1, -1, -1, -1, -1),
('HS1', 'Lop01', 'CongDan6', -1, -1, -1, -1, -1, -1, -1, -1, -1, -1, -1),
('HS1', 'Lop01', 'CongNghe6', -1, -1, -1, -1, -1, -1, -1, -1, -1, -1, -1),
('HS1', 'Lop01', 'DiaLy6', -1, -1, -1, -1, -1, -1, -1, -1, -1, -1, -1),
('HS1', 'Lop01', 'LichSu6', -1, -1, -1, -1, -1, -1, -1, -1, -1, -1, -1),
('HS1', 'Lop01', 'Nhac6', -1, -1, -1, -1, -1, -1, -1, -1, -1, -1, -1),
('HS1', 'Lop01', 'TheDuc6', -1, -1, -1, -1, -1, -1, -1, -1, -1, -1, -1),
('HS1', 'Lop01', 'Tin6', -1, -1, -1, -1, -1, -1, -1, -1, -1, -1, -1),
('HS1', 'Lop01', 'Toan6', -1, -1, -1, -1, -1, -1, -1, -1, -1, -1, -1),
('HS1', 'Lop01', 'Van6', -1, -1, -1, -1, -1, -1, -1, -1, -1, -1, -1),
('HS10', 'Lop01', 'Anh6', -1, -1, -1, -1, -1, -1, -1, -1, -1, -1, -1),
('HS10', 'Lop01', 'CongDan6', -1, -1, -1, -1, -1, -1, -1, -1, -1, -1, -1),
('HS10', 'Lop01', 'CongNghe6', -1, -1, -1, -1, -1, -1, -1, -1, -1, -1, -1),
('HS10', 'Lop01', 'DiaLy6', -1, -1, -1, -1, -1, -1, -1, -1, -1, -1, -1),
('HS10', 'Lop01', 'LichSu6', -1, -1, -1, -1, -1, -1, -1, -1, -1, -1, -1),
('HS10', 'Lop01', 'Nhac6', -1, -1, -1, -1, -1, -1, -1, -1, -1, -1, -1),
('HS10', 'Lop01', 'TheDuc6', -1, -1, -1, -1, -1, -1, -1, -1, -1, -1, -1),
('HS10', 'Lop01', 'Tin6', -1, -1, -1, -1, -1, -1, -1, -1, -1, -1, -1),
('HS10', 'Lop01', 'Toan6', -1, -1, -1, -1, -1, -1, -1, -1, -1, -1, -1),
('HS10', 'Lop01', 'Van6', -1, -1, -1, -1, -1, -1, -1, -1, -1, -1, -1),
('HS100', 'Lop04', 'Anh7', -1, -1, -1, -1, -1, -1, -1, -1, -1, -1, -1),
('HS100', 'Lop04', 'CongDan7', -1, -1, -1, -1, -1, -1, -1, -1, -1, -1, -1),
('HS100', 'Lop04', 'CongNghe7', -1, -1, -1, -1, -1, -1, -1, -1, -1, -1, -1),
('HS100', 'Lop04', 'DiaLy7', -1, -1, -1, -1, -1, -1, -1, -1, -1, -1, -1),
('HS100', 'Lop04', 'LichSu7', -1, -1, -1, -1, -1, -1, -1, -1, -1, -1, -1),
('HS100', 'Lop04', 'Nhac7', -1, -1, -1, -1, -1, -1, -1, -1, -1, -1, -1),
('HS100', 'Lop04', 'TheDuc7', -1, -1, -1, -1, -1, -1, -1, -1, -1, -1, -1),
('HS100', 'Lop04', 'Tin7', -1, -1, -1, -1, -1, -1, -1, -1, -1, -1, -1),
('HS100', 'Lop04', 'Toan7', -1, -1, -1, -1, -1, -1, -1, -1, -1, -1, -1),
('HS100', 'Lop04', 'Van7', -1, -1, -1, -1, -1, -1, -1, -1, -1, -1, -1),
('HS101', 'Lop04', 'Anh7', -1, -1, -1, -1, -1, -1, -1, -1, -1, -1, -1),
('HS101', 'Lop04', 'CongDan7', -1, -1, -1, -1, -1, -1, -1, -1, -1, -1, -1),
('HS101', 'Lop04', 'CongNghe7', -1, -1, -1, -1, -1, -1, -1, -1, -1, -1, -1),
('HS101', 'Lop04', 'DiaLy7', -1, -1, -1, -1, -1, -1, -1, -1, -1, -1, -1),
('HS101', 'Lop04', 'LichSu7', -1, -1, -1, -1, -1, -1, -1, -1, -1, -1, -1),
('HS101', 'Lop04', 'Nhac7', -1, -1, -1, -1, -1, -1, -1, -1, -1, -1, -1),
('HS101', 'Lop04', 'TheDuc7', -1, -1, -1, -1, -1, -1, -1, -1, -1, -1, -1),
('HS101', 'Lop04', 'Tin7', -1, -1, -1, -1, -1, -1, -1, -1, -1, -1, -1),
('HS101', 'Lop04', 'Toan7', -1, -1, -1, -1, -1, -1, -1, -1, -1, -1, -1),
('HS101', 'Lop04', 'Van7', -1, -1, -1, -1, -1, -1, -1, -1, -1, -1, -1),
('HS102', 'Lop04', 'Anh7', -1, -1, -1, -1, -1, -1, -1, -1, -1, -1, -1),
('HS102', 'Lop04', 'CongDan7', 9, 9, 8, 7, 7.9375, 9, 8, 5, 9, 8.625, 8.28125),
('HS102', 'Lop04', 'CongNghe7', -1, -1, -1, -1, -1, -1, -1, -1, -1, -1, -1),
('HS102', 'Lop04', 'DiaLy7', -1, -1, -1, -1, -1, -1, -1, -1, -1, -1, -1),
('HS102', 'Lop04', 'LichSu7', -1, -1, -1, -1, -1, -1, -1, -1, -1, -1, -1),
('HS102', 'Lop04', 'Nhac7', -1, -1, -1, -1, -1, -1, -1, -1, -1, -1, -1),
('HS102', 'Lop04', 'TheDuc7', -1, -1, -1, -1, -1, -1, -1, -1, -1, -1, -1),
('HS102', 'Lop04', 'Tin7', -1, -1, -1, -1, -1, -1, -1, -1, -1, -1, -1),
('HS102', 'Lop04', 'Toan7', -1, -1, -1, -1, -1, -1, -1, -1, -1, -1, -1),
('HS102', 'Lop04', 'Van7', -1, -1, -1, -1, -1, -1, -1, -1, -1, -1, -1),
('HS103', 'Lop04', 'Anh7', -1, -1, -1, -1, -1, -1, -1, -1, -1, -1, -1),
('HS103', 'Lop04', 'CongDan7', 8, 8, 9, 9, 8.5625, 8, 7, 8, 8, 7.875, 8.21875),
('HS103', 'Lop04', 'CongNghe7', -1, -1, -1, -1, -1, -1, -1, -1, -1, -1, -1),
('HS103', 'Lop04', 'DiaLy7', -1, -1, -1, -1, -1, -1, -1, -1, -1, -1, -1),
('HS103', 'Lop04', 'LichSu7', -1, -1, -1, -1, -1, -1, -1, -1, -1, -1, -1),
('HS103', 'Lop04', 'Nhac7', -1, -1, -1, -1, -1, -1, -1, -1, -1, -1, -1),
('HS103', 'Lop04', 'TheDuc7', -1, -1, -1, -1, -1, -1, -1, -1, -1, -1, -1),
('HS103', 'Lop04', 'Tin7', -1, -1, -1, -1, -1, -1, -1, -1, -1, -1, -1),
('HS103', 'Lop04', 'Toan7', -1, -1, -1, -1, -1, -1, -1, -1, -1, -1, -1),
('HS103', 'Lop04', 'Van7', -1, -1, -1, -1, -1, -1, -1, -1, -1, -1, -1),
('HS104', 'Lop04', 'Anh7', -1, -1, -1, -1, -1, -1, -1, -1, -1, -1, -1),
('HS104', 'Lop04', 'CongDan7', -1, -1, -1, -1, -1, -1, -1, -1, -1, -1, -1),
('HS104', 'Lop04', 'CongNghe7', -1, -1, -1, -1, -1, -1, -1, -1, -1, -1, -1),
('HS104', 'Lop04', 'DiaLy7', -1, -1, -1, -1, -1, -1, -1, -1, -1, -1, -1),
('HS104', 'Lop04', 'LichSu7', -1, -1, -1, -1, -1, -1, -1, -1, -1, -1, -1),
('HS104', 'Lop04', 'Nhac7', -1, -1, -1, -1, -1, -1, -1, -1, -1, -1, -1),
('HS104', 'Lop04', 'TheDuc7', -1, -1, -1, -1, -1, -1, -1, -1, -1, -1, -1),
('HS104', 'Lop04', 'Tin7', -1, -1, -1, -1, -1, -1, -1, -1, -1, -1, -1),
('HS104', 'Lop04', 'Toan7', -1, -1, -1, -1, -1, -1, -1, -1, -1, -1, -1),
('HS104', 'Lop04', 'Van7', -1, -1, -1, -1, -1, -1, -1, -1, -1, -1, -1),
('HS105', 'Lop04', 'Anh7', -1, -1, -1, -1, -1, -1, -1, -1, -1, -1, -1),
('HS105', 'Lop04', 'CongDan7', -1, -1, -1, -1, -1, -1, -1, -1, -1, -1, -1),
('HS105', 'Lop04', 'CongNghe7', -1, -1, -1, -1, -1, -1, -1, -1, -1, -1, -1),
('HS105', 'Lop04', 'DiaLy7', -1, -1, -1, -1, -1, -1, -1, -1, -1, -1, -1),
('HS105', 'Lop04', 'LichSu7', -1, -1, -1, -1, -1, -1, -1, -1, -1, -1, -1),
('HS105', 'Lop04', 'Nhac7', -1, -1, -1, -1, -1, -1, -1, -1, -1, -1, -1),
('HS105', 'Lop04', 'TheDuc7', -1, -1, -1, -1, -1, -1, -1, -1, -1, -1, -1),
('HS105', 'Lop04', 'Tin7', -1, -1, -1, -1, -1, -1, -1, -1, -1, -1, -1),
('HS105', 'Lop04', 'Toan7', -1, -1, -1, -1, -1, -1, -1, -1, -1, -1, -1),
('HS105', 'Lop04', 'Van7', -1, -1, -1, -1, -1, -1, -1, -1, -1, -1, -1),
('HS106', 'Lop04', 'Anh7', -1, -1, -1, -1, -1, -1, -1, -1, -1, -1, -1),
('HS106', 'Lop04', 'CongDan7', -1, -1, -1, -1, -1, -1, -1, -1, -1, -1, -1),
('HS106', 'Lop04', 'CongNghe7', -1, -1, -1, -1, -1, -1, -1, -1, -1, -1, -1),
('HS106', 'Lop04', 'DiaLy7', -1, -1, -1, -1, -1, -1, -1, -1, -1, -1, -1),
('HS106', 'Lop04', 'LichSu7', -1, -1, -1, -1, -1, -1, -1, -1, -1, -1, -1),
('HS106', 'Lop04', 'Nhac7', -1, -1, -1, -1, -1, -1, -1, -1, -1, -1, -1),
('HS106', 'Lop04', 'TheDuc7', -1, -1, -1, -1, -1, -1, -1, -1, -1, -1, -1),
('HS106', 'Lop04', 'Tin7', -1, -1, -1, -1, -1, -1, -1, -1, -1, -1, -1),
('HS106', 'Lop04', 'Toan7', -1, -1, -1, -1, -1, -1, -1, -1, -1, -1, -1),
('HS106', 'Lop04', 'Van7', -1, -1, -1, -1, -1, -1, -1, -1, -1, -1, -1),
('HS107', 'Lop04', 'Anh7', -1, -1, -1, -1, -1, -1, -1, -1, -1, -1, -1),
('HS107', 'Lop04', 'CongDan7', -1, -1, -1, -1, -1, -1, -1, -1, -1, -1, -1),
('HS107', 'Lop04', 'CongNghe7', -1, -1, -1, -1, -1, -1, -1, -1, -1, -1, -1),
('HS107', 'Lop04', 'DiaLy7', -1, -1, -1, -1, -1, -1, -1, -1, -1, -1, -1),
('HS107', 'Lop04', 'LichSu7', -1, -1, -1, -1, -1, -1, -1, -1, -1, -1, -1),
('HS107', 'Lop04', 'Nhac7', -1, -1, -1, -1, -1, -1, -1, -1, -1, -1, -1),
('HS107', 'Lop04', 'TheDuc7', -1, -1, -1, -1, -1, -1, -1, -1, -1, -1, -1),
('HS107', 'Lop04', 'Tin7', -1, -1, -1, -1, -1, -1, -1, -1, -1, -1, -1),
('HS107', 'Lop04', 'Toan7', -1, -1, -1, -1, -1, -1, -1, -1, -1, -1, -1),
('HS107', 'Lop04', 'Van7', -1, -1, -1, -1, -1, -1, -1, -1, -1, -1, -1),
('HS108', 'Lop04', 'Anh7', -1, -1, -1, -1, -1, -1, -1, -1, -1, -1, -1),
('HS108', 'Lop04', 'CongDan7', -1, -1, -1, -1, -1, -1, -1, -1, -1, -1, -1),
('HS108', 'Lop04', 'CongNghe7', -1, -1, -1, -1, -1, -1, -1, -1, -1, -1, -1),
('HS108', 'Lop04', 'DiaLy7', -1, -1, -1, -1, -1, -1, -1, -1, -1, -1, -1),
('HS108', 'Lop04', 'LichSu7', -1, -1, -1, -1, -1, -1, -1, -1, -1, -1, -1),
('HS108', 'Lop04', 'Nhac7', -1, -1, -1, -1, -1, -1, -1, -1, -1, -1, -1),
('HS108', 'Lop04', 'TheDuc7', -1, -1, -1, -1, -1, -1, -1, -1, -1, -1, -1),
('HS108', 'Lop04', 'Tin7', -1, -1, -1, -1, -1, -1, -1, -1, -1, -1, -1),
('HS108', 'Lop04', 'Toan7', -1, -1, -1, -1, -1, -1, -1, -1, -1, -1, -1),
('HS108', 'Lop04', 'Van7', -1, -1, -1, -1, -1, -1, -1, -1, -1, -1, -1),
('HS109', 'Lop04', 'Anh7', -1, -1, -1, -1, -1, -1, -1, -1, -1, -1, -1),
('HS109', 'Lop04', 'CongDan7', -1, -1, -1, -1, -1, -1, 5, -1, 9, -1, -1),
('HS109', 'Lop04', 'CongNghe7', -1, -1, -1, -1, -1, -1, -1, -1, -1, -1, -1),
('HS109', 'Lop04', 'DiaLy7', -1, -1, -1, -1, -1, -1, -1, -1, -1, -1, -1),
('HS109', 'Lop04', 'LichSu7', -1, -1, -1, -1, -1, -1, -1, -1, -1, -1, -1),
('HS109', 'Lop04', 'Nhac7', -1, -1, -1, -1, -1, -1, -1, -1, -1, -1, -1),
('HS109', 'Lop04', 'TheDuc7', -1, -1, -1, -1, -1, -1, -1, -1, -1, -1, -1),
('HS109', 'Lop04', 'Tin7', -1, -1, -1, -1, -1, -1, -1, -1, -1, -1, -1),
('HS109', 'Lop04', 'Toan7', -1, -1, -1, -1, -1, -1, -1, -1, -1, -1, -1),
('HS109', 'Lop04', 'Van7', -1, -1, -1, -1, -1, -1, -1, -1, -1, -1, -1),
('HS11', 'Lop01', 'Anh6', -1, -1, -1, -1, -1, -1, -1, -1, -1, -1, -1),
('HS11', 'Lop01', 'CongDan6', -1, -1, -1, -1, -1, -1, -1, -1, -1, -1, -1),
('HS11', 'Lop01', 'CongNghe6', -1, -1, -1, -1, -1, -1, -1, -1, -1, -1, -1),
('HS11', 'Lop01', 'DiaLy6', -1, -1, -1, -1, -1, -1, -1, -1, -1, -1, -1),
('HS11', 'Lop01', 'LichSu6', -1, -1, -1, -1, -1, -1, -1, -1, -1, -1, -1),
('HS11', 'Lop01', 'Nhac6', -1, -1, -1, -1, -1, -1, -1, -1, -1, -1, -1),
('HS11', 'Lop01', 'TheDuc6', -1, -1, -1, -1, -1, -1, -1, -1, -1, -1, -1),
('HS11', 'Lop01', 'Tin6', -1, -1, -1, -1, -1, -1, -1, -1, -1, -1, -1),
('HS11', 'Lop01', 'Toan6', -1, -1, -1, -1, -1, -1, -1, -1, -1, -1, -1),
('HS11', 'Lop01', 'Van6', -1, -1, -1, -1, -1, -1, -1, -1, -1, -1, -1),
('HS110', 'Lop04', 'Anh7', -1, -1, -1, -1, -1, -1, -1, -1, -1, -1, -1),
('HS110', 'Lop04', 'CongDan7', 7, 6, 8, 8, 7.4375, 7, 6, 7, 7, 6.875, 7.15625),
('HS110', 'Lop04', 'CongNghe7', -1, -1, -1, -1, -1, -1, -1, -1, -1, -1, -1),
('HS110', 'Lop04', 'DiaLy7', -1, -1, -1, -1, -1, -1, -1, -1, -1, -1, -1),
('HS110', 'Lop04', 'LichSu7', -1, -1, -1, -1, -1, -1, -1, -1, -1, -1, -1),
('HS110', 'Lop04', 'Nhac7', -1, -1, -1, -1, -1, -1, -1, -1, -1, -1, -1),
('HS110', 'Lop04', 'TheDuc7', -1, -1, -1, -1, -1, -1, -1, -1, -1, -1, -1),
('HS110', 'Lop04', 'Tin7', -1, -1, -1, -1, -1, -1, -1, -1, -1, -1, -1),
('HS110', 'Lop04', 'Toan7', -1, -1, -1, -1, -1, -1, -1, -1, -1, -1, -1),
('HS110', 'Lop04', 'Van7', 6.75, -1, -1, -1, -1, -1, -1, -1, -1, -1, -1),
('HS111', 'Lop04', 'Anh7', -1, -1, -1, -1, -1, -1, -1, -1, -1, -1, -1),
('HS111', 'Lop04', 'CongDan7', -1, -1, -1, -1, -1, -1, -1, -1, -1, -1, -1),
('HS111', 'Lop04', 'CongNghe7', -1, -1, -1, -1, -1, -1, -1, -1, -1, -1, -1),
('HS111', 'Lop04', 'DiaLy7', -1, -1, -1, -1, -1, -1, -1, -1, -1, -1, -1),
('HS111', 'Lop04', 'LichSu7', -1, -1, -1, -1, -1, -1, -1, -1, -1, -1, -1),
('HS111', 'Lop04', 'Nhac7', -1, -1, -1, -1, -1, -1, -1, -1, -1, -1, -1),
('HS111', 'Lop04', 'TheDuc7', -1, -1, -1, -1, -1, -1, -1, -1, -1, -1, -1),
('HS111', 'Lop04', 'Tin7', -1, -1, -1, -1, -1, -1, -1, -1, -1, -1, -1),
('HS111', 'Lop04', 'Toan7', -1, -1, -1, -1, -1, -1, -1, -1, -1, -1, -1),
('HS111', 'Lop04', 'Van7', -1, -1, -1, -1, -1, -1, -1, -1, -1, -1, -1),
('HS112', 'Lop04', 'Anh7', -1, -1, -1, -1, -1, -1, -1, -1, -1, -1, -1),
('HS112', 'Lop04', 'CongDan7', -1, -1, -1, -1, -1, -1, -1, -1, -1, -1, -1),
('HS112', 'Lop04', 'CongNghe7', -1, -1, -1, -1, -1, -1, -1, -1, -1, -1, -1),
('HS112', 'Lop04', 'DiaLy7', -1, -1, -1, -1, -1, -1, -1, -1, -1, -1, -1),
('HS112', 'Lop04', 'LichSu7', -1, -1, -1, -1, -1, -1, -1, -1, -1, -1, -1),
('HS112', 'Lop04', 'Nhac7', -1, -1, -1, -1, -1, -1, -1, -1, -1, -1, -1),
('HS112', 'Lop04', 'TheDuc7', -1, -1, -1, -1, -1, -1, -1, -1, -1, -1, -1),
('HS112', 'Lop04', 'Tin7', -1, -1, -1, -1, -1, -1, -1, -1, -1, -1, -1),
('HS112', 'Lop04', 'Toan7', -1, -1, -1, -1, -1, -1, -1, -1, -1, -1, -1),
('HS112', 'Lop04', 'Van7', -1, -1, -1, -1, -1, -1, -1, -1, -1, -1, -1),
('HS113', 'Lop04', 'Anh7', -1, -1, -1, -1, -1, -1, -1, -1, -1, -1, -1),
('HS113', 'Lop04', 'CongDan7', -1, -1, -1, -1, -1, -1, -1, -1, -1, -1, -1),
('HS113', 'Lop04', 'CongNghe7', -1, -1, -1, -1, -1, -1, -1, -1, -1, -1, -1),
('HS113', 'Lop04', 'DiaLy7', -1, -1, -1, -1, -1, -1, -1, -1, -1, -1, -1),
('HS113', 'Lop04', 'LichSu7', -1, -1, -1, -1, -1, -1, -1, -1, -1, -1, -1),
('HS113', 'Lop04', 'Nhac7', -1, -1, -1, -1, -1, -1, -1, -1, -1, -1, -1),
('HS113', 'Lop04', 'TheDuc7', -1, -1, -1, -1, -1, -1, -1, -1, -1, -1, -1),
('HS113', 'Lop04', 'Tin7', -1, -1, -1, -1, -1, -1, -1, -1, -1, -1, -1),
('HS113', 'Lop04', 'Toan7', -1, -1, -1, -1, -1, -1, -1, -1, -1, -1, -1),
('HS113', 'Lop04', 'Van7', -1, -1, -1, -1, -1, -1, -1, -1, -1, -1, -1),
('HS114', 'Lop04', 'Anh7', -1, -1, -1, -1, -1, -1, -1, -1, -1, -1, -1),
('HS114', 'Lop04', 'CongDan7', -1, -1, -1, -1, -1, -1, -1, -1, -1, -1, -1),
('HS114', 'Lop04', 'CongNghe7', -1, -1, -1, -1, -1, -1, -1, -1, -1, -1, -1),
('HS114', 'Lop04', 'DiaLy7', -1, -1, -1, -1, -1, -1, -1, -1, -1, -1, -1),
('HS114', 'Lop04', 'LichSu7', -1, -1, -1, -1, -1, -1, -1, -1, -1, -1, -1),
('HS114', 'Lop04', 'Nhac7', -1, -1, -1, -1, -1, -1, -1, -1, -1, -1, -1),
('HS114', 'Lop04', 'TheDuc7', -1, -1, -1, -1, -1, -1, -1, -1, -1, -1, -1),
('HS114', 'Lop04', 'Tin7', -1, -1, -1, -1, -1, -1, -1, -1, -1, -1, -1),
('HS114', 'Lop04', 'Toan7', -1, -1, -1, -1, -1, -1, -1, -1, -1, -1, -1),
('HS114', 'Lop04', 'Van7', -1, -1, -1, -1, -1, -1, -1, -1, -1, -1, -1),
('HS115', 'Lop04', 'Anh7', -1, -1, -1, -1, -1, -1, -1, -1, -1, -1, -1),
('HS115', 'Lop04', 'CongDan7', -1, -1, -1, -1, -1, -1, -1, -1, -1, -1, -1),
('HS115', 'Lop04', 'CongNghe7', -1, -1, -1, -1, -1, -1, -1, -1, -1, -1, -1),
('HS115', 'Lop04', 'DiaLy7', -1, -1, -1, -1, -1, -1, -1, -1, -1, -1, -1),
('HS115', 'Lop04', 'LichSu7', -1, -1, -1, -1, -1, -1, -1, -1, -1, -1, -1),
('HS115', 'Lop04', 'Nhac7', -1, -1, -1, -1, -1, -1, -1, -1, -1, -1, -1),
('HS115', 'Lop04', 'TheDuc7', -1, -1, -1, -1, -1, -1, -1, -1, -1, -1, -1),
('HS115', 'Lop04', 'Tin7', -1, -1, -1, -1, -1, -1, -1, -1, -1, -1, -1),
('HS115', 'Lop04', 'Toan7', -1, -1, -1, -1, -1, -1, -1, -1, -1, -1, -1),
('HS115', 'Lop04', 'Van7', -1, -1, -1, -1, -1, -1, -1, -1, -1, -1, -1),
('HS116', 'Lop04', 'Anh7', -1, -1, -1, -1, -1, -1, -1, -1, -1, -1, -1),
('HS116', 'Lop04', 'CongDan7', -1, -1, -1, -1, -1, -1, -1, -1, -1, -1, -1),
('HS116', 'Lop04', 'CongNghe7', -1, -1, -1, -1, -1, -1, -1, -1, -1, -1, -1),
('HS116', 'Lop04', 'DiaLy7', -1, -1, -1, -1, -1, -1, -1, -1, -1, -1, -1),
('HS116', 'Lop04', 'LichSu7', -1, -1, -1, -1, -1, -1, -1, -1, -1, -1, -1),
('HS116', 'Lop04', 'Nhac7', -1, -1, -1, -1, -1, -1, -1, -1, -1, -1, -1),
('HS116', 'Lop04', 'TheDuc7', -1, -1, -1, -1, -1, -1, -1, -1, -1, -1, -1),
('HS116', 'Lop04', 'Tin7', -1, -1, -1, -1, -1, -1, -1, -1, -1, -1, -1),
('HS116', 'Lop04', 'Toan7', -1, -1, -1, -1, -1, -1, -1, -1, -1, -1, -1),
('HS116', 'Lop04', 'Van7', -1, -1, -1, -1, -1, -1, -1, -1, -1, -1, -1),
('HS117', 'Lop04', 'Anh7', -1, -1, -1, -1, -1, -1, -1, -1, -1, -1, -1),
('HS117', 'Lop04', 'CongDan7', 9, -1, -1, 5, -1, 6, 9, 9, 9, 8.0625, -1),
('HS117', 'Lop04', 'CongNghe7', -1, -1, -1, -1, -1, -1, -1, -1, -1, -1, -1),
('HS117', 'Lop04', 'DiaLy7', -1, -1, -1, -1, -1, -1, -1, -1, -1, -1, -1),
('HS117', 'Lop04', 'LichSu7', -1, -1, -1, -1, -1, -1, -1, -1, -1, -1, -1),
('HS117', 'Lop04', 'Nhac7', -1, -1, -1, -1, -1, -1, -1, -1, -1, -1, -1),
('HS117', 'Lop04', 'TheDuc7', -1, -1, -1, -1, -1, -1, -1, -1, -1, -1, -1),
('HS117', 'Lop04', 'Tin7', -1, -1, -1, -1, -1, -1, -1, -1, -1, -1, -1),
('HS117', 'Lop04', 'Toan7', -1, -1, -1, -1, -1, -1, -1, -1, -1, -1, -1),
('HS117', 'Lop04', 'Van7', -1, -1, -1, -1, -1, -1, -1, -1, -1, -1, -1),
('HS118', 'Lop04', 'Anh7', -1, -1, -1, -1, -1, -1, -1, -1, -1, -1, -1),
('HS118', 'Lop04', 'CongDan7', -1, -1, -1, -1, -1, -1, -1, -1, -1, -1, -1),
('HS118', 'Lop04', 'CongNghe7', -1, -1, -1, -1, -1, -1, -1, -1, -1, -1, -1),
('HS118', 'Lop04', 'DiaLy7', -1, -1, -1, -1, -1, -1, -1, -1, -1, -1, -1),
('HS118', 'Lop04', 'LichSu7', -1, -1, -1, -1, -1, -1, -1, -1, -1, -1, -1),
('HS118', 'Lop04', 'Nhac7', -1, -1, -1, -1, -1, -1, -1, -1, -1, -1, -1),
('HS118', 'Lop04', 'TheDuc7', -1, -1, -1, -1, -1, -1, -1, -1, -1, -1, -1),
('HS118', 'Lop04', 'Tin7', -1, -1, -1, -1, -1, -1, -1, -1, -1, -1, -1),
('HS118', 'Lop04', 'Toan7', -1, -1, -1, -1, -1, -1, -1, -1, -1, -1, -1),
('HS118', 'Lop04', 'Van7', -1, -1, -1, -1, -1, -1, -1, -1, -1, -1, -1),
('HS119', 'Lop04', 'Anh7', -1, -1, -1, -1, -1, -1, -1, -1, -1, -1, -1),
('HS119', 'Lop04', 'CongDan7', -1, -1, -1, -1, -1, -1, -1, -1, -1, -1, -1),
('HS119', 'Lop04', 'CongNghe7', -1, -1, -1, -1, -1, -1, -1, -1, -1, -1, -1),
('HS119', 'Lop04', 'DiaLy7', -1, -1, -1, -1, -1, -1, -1, -1, -1, -1, -1),
('HS119', 'Lop04', 'LichSu7', -1, -1, -1, -1, -1, -1, -1, -1, -1, -1, -1),
('HS119', 'Lop04', 'Nhac7', -1, -1, -1, -1, -1, -1, -1, -1, -1, -1, -1),
('HS119', 'Lop04', 'TheDuc7', -1, -1, -1, -1, -1, -1, -1, -1, -1, -1, -1),
('HS119', 'Lop04', 'Tin7', -1, -1, -1, -1, -1, -1, -1, -1, -1, -1, -1),
('HS119', 'Lop04', 'Toan7', -1, -1, -1, -1, -1, -1, -1, -1, -1, -1, -1),
('HS119', 'Lop04', 'Van7', -1, -1, -1, -1, -1, -1, -1, -1, -1, -1, -1),
('HS12', 'Lop01', 'Anh6', -1, -1, -1, -1, -1, -1, -1, -1, -1, -1, -1),
('HS12', 'Lop01', 'CongDan6', -1, -1, -1, -1, -1, -1, -1, -1, -1, -1, -1),
('HS12', 'Lop01', 'CongNghe6', -1, -1, -1, -1, -1, -1, -1, -1, -1, -1, -1),
('HS12', 'Lop01', 'DiaLy6', -1, -1, -1, -1, -1, -1, -1, -1, -1, -1, -1),
('HS12', 'Lop01', 'LichSu6', -1, -1, -1, -1, -1, -1, -1, -1, -1, -1, -1),
('HS12', 'Lop01', 'Nhac6', -1, -1, -1, -1, -1, -1, -1, -1, -1, -1, -1),
('HS12', 'Lop01', 'TheDuc6', -1, -1, -1, -1, -1, -1, -1, -1, -1, -1, -1),
('HS12', 'Lop01', 'Tin6', -1, -1, -1, -1, -1, -1, -1, -1, -1, -1, -1),
('HS12', 'Lop01', 'Toan6', -1, -1, -1, -1, -1, -1, -1, -1, -1, -1, -1),
('HS12', 'Lop01', 'Van6', -1, -1, -1, -1, -1, -1, -1, -1, -1, -1, -1),
('HS120', 'Lop05', 'Anh7', -1, -1, -1, -1, -1, -1, -1, -1, -1, -1, -1),
('HS120', 'Lop05', 'CongDan7', -1, -1, -1, -1, -1, -1, -1, -1, -1, -1, -1),
('HS120', 'Lop05', 'CongNghe7', -1, -1, -1, -1, -1, -1, -1, -1, -1, -1, -1),
('HS120', 'Lop05', 'DiaLy7', -1, -1, -1, -1, -1, -1, -1, -1, -1, -1, -1),
('HS120', 'Lop05', 'LichSu7', -1, -1, -1, -1, -1, -1, -1, -1, -1, -1, -1),
('HS120', 'Lop05', 'Nhac7', -1, -1, -1, -1, -1, -1, -1, -1, -1, -1, -1),
('HS120', 'Lop05', 'TheDuc7', -1, -1, -1, -1, -1, -1, -1, -1, -1, -1, -1),
('HS120', 'Lop05', 'Tin7', -1, -1, -1, -1, -1, -1, -1, -1, -1, -1, -1),
('HS120', 'Lop05', 'Toan7', -1, -1, -1, -1, -1, -1, -1, -1, -1, -1, -1),
('HS120', 'Lop05', 'Van7', -1, -1, -1, -1, -1, -1, -1, -1, -1, -1, -1),
('HS121', 'Lop07', 'Anh8', -1, -1, -1, -1, -1, -1, -1, -1, -1, -1, -1),
('HS121', 'Lop07', 'CongDan8', -1, -1, -1, -1, -1, -1, -1, -1, -1, -1, -1),
('HS121', 'Lop07', 'CongNghe8', -1, -1, -1, -1, -1, -1, -1, -1, -1, -1, -1),
('HS121', 'Lop07', 'DiaLy8', -1, -1, -1, -1, -1, -1, -1, -1, -1, -1, -1),
('HS121', 'Lop07', 'HoaHoc8', -1, -1, -1, -1, -1, -1, -1, -1, -1, -1, -1),
('HS121', 'Lop07', 'LichSu8', -1, -1, -1, -1, -1, -1, -1, -1, -1, -1, -1),
('HS121', 'Lop07', 'Nhac8', -1, -1, -1, -1, -1, -1, -1, -1, -1, -1, -1),
('HS121', 'Lop07', 'SinhHoc8', -1, -1, -1, -1, -1, -1, -1, -1, -1, -1, -1),
('HS121', 'Lop07', 'TheDuc8', -1, -1, -1, -1, -1, -1, -1, -1, -1, -1, -1),
('HS121', 'Lop07', 'Tin8', -1, -1, -1, -1, -1, -1, -1, -1, -1, -1, -1),
('HS121', 'Lop07', 'Toan8', -1, -1, -1, -1, -1, -1, -1, -1, -1, -1, -1),
('HS121', 'Lop07', 'Van8', -1, -1, -1, -1, -1, -1, -1, -1, -1, -1, -1),
('HS122', 'Lop07', 'Anh8', -1, -1, -1, -1, -1, -1, -1, -1, -1, -1, -1),
('HS122', 'Lop07', 'CongDan8', -1, -1, -1, -1, -1, -1, -1, -1, -1, -1, -1),
('HS122', 'Lop07', 'CongNghe8', -1, -1, -1, -1, -1, -1, -1, -1, -1, -1, -1),
('HS122', 'Lop07', 'DiaLy8', -1, -1, -1, -1, -1, -1, -1, -1, -1, -1, -1),
('HS122', 'Lop07', 'HoaHoc8', -1, -1, -1, -1, -1, -1, -1, -1, -1, -1, -1),
('HS122', 'Lop07', 'LichSu8', -1, -1, -1, -1, -1, -1, -1, -1, -1, -1, -1),
('HS122', 'Lop07', 'Nhac8', -1, -1, -1, -1, -1, -1, -1, -1, -1, -1, -1),
('HS122', 'Lop07', 'SinhHoc8', -1, -1, -1, -1, -1, -1, -1, -1, -1, -1, -1),
('HS122', 'Lop07', 'TheDuc8', -1, -1, -1, -1, -1, -1, -1, -1, -1, -1, -1),
('HS122', 'Lop07', 'Tin8', -1, -1, -1, -1, -1, -1, -1, -1, -1, -1, -1),
('HS122', 'Lop07', 'Toan8', -1, -1, -1, -1, -1, -1, -1, -1, -1, -1, -1),
('HS122', 'Lop07', 'Van8', -1, -1, -1, -1, -1, -1, -1, -1, -1, -1, -1),
('HS123', 'Lop07', 'Anh8', -1, -1, -1, -1, -1, -1, -1, -1, -1, -1, -1),
('HS123', 'Lop07', 'CongDan8', -1, -1, -1, -1, -1, -1, -1, -1, -1, -1, -1),
('HS123', 'Lop07', 'CongNghe8', -1, -1, -1, -1, -1, -1, -1, -1, -1, -1, -1),
('HS123', 'Lop07', 'DiaLy8', -1, -1, -1, -1, -1, -1, -1, -1, -1, -1, -1),
('HS123', 'Lop07', 'HoaHoc8', -1, -1, -1, -1, -1, -1, -1, -1, -1, -1, -1),
('HS123', 'Lop07', 'LichSu8', -1, -1, -1, -1, -1, -1, -1, -1, -1, -1, -1),
('HS123', 'Lop07', 'Nhac8', -1, -1, -1, -1, -1, -1, -1, -1, -1, -1, -1),
('HS123', 'Lop07', 'SinhHoc8', -1, -1, -1, -1, -1, -1, -1, -1, -1, -1, -1),
('HS123', 'Lop07', 'TheDuc8', -1, -1, -1, -1, -1, -1, -1, -1, -1, -1, -1),
('HS123', 'Lop07', 'Tin8', -1, -1, -1, -1, -1, -1, -1, -1, -1, -1, -1),
('HS123', 'Lop07', 'Toan8', -1, -1, -1, -1, -1, -1, -1, -1, -1, -1, -1),
('HS123', 'Lop07', 'Van8', -1, -1, -1, -1, -1, -1, -1, -1, -1, -1, -1),
('HS124', 'Lop07', 'Anh8', -1, -1, -1, -1, -1, -1, -1, -1, -1, -1, -1),
('HS124', 'Lop07', 'CongDan8', -1, -1, -1, -1, -1, -1, -1, -1, -1, -1, -1),
('HS124', 'Lop07', 'CongNghe8', -1, -1, -1, -1, -1, -1, -1, -1, -1, -1, -1),
('HS124', 'Lop07', 'DiaLy8', -1, -1, -1, -1, -1, -1, -1, -1, -1, -1, -1),
('HS124', 'Lop07', 'HoaHoc8', -1, -1, -1, -1, -1, -1, -1, -1, -1, -1, -1),
('HS124', 'Lop07', 'LichSu8', -1, -1, -1, -1, -1, -1, -1, -1, -1, -1, -1),
('HS124', 'Lop07', 'Nhac8', -1, -1, -1, -1, -1, -1, -1, -1, -1, -1, -1),
('HS124', 'Lop07', 'SinhHoc8', -1, -1, -1, -1, -1, -1, -1, -1, -1, -1, -1),
('HS124', 'Lop07', 'TheDuc8', -1, -1, -1, -1, -1, -1, -1, -1, -1, -1, -1),
('HS124', 'Lop07', 'Tin8', -1, -1, -1, -1, -1, -1, -1, -1, -1, -1, -1),
('HS124', 'Lop07', 'Toan8', -1, -1, -1, -1, -1, -1, -1, -1, -1, -1, -1),
('HS124', 'Lop07', 'Van8', -1, -1, -1, -1, -1, -1, -1, -1, -1, -1, -1),
('HS125', 'Lop07', 'Anh8', -1, -1, -1, -1, -1, -1, -1, -1, -1, -1, -1),
('HS125', 'Lop07', 'CongDan8', -1, -1, -1, -1, -1, -1, -1, -1, -1, -1, -1),
('HS125', 'Lop07', 'CongNghe8', -1, -1, -1, -1, -1, -1, -1, -1, -1, -1, -1),
('HS125', 'Lop07', 'DiaLy8', -1, -1, -1, -1, -1, -1, -1, -1, -1, -1, -1),
('HS125', 'Lop07', 'HoaHoc8', -1, -1, -1, -1, -1, -1, -1, -1, -1, -1, -1),
('HS125', 'Lop07', 'LichSu8', -1, -1, -1, -1, -1, -1, -1, -1, -1, -1, -1),
('HS125', 'Lop07', 'Nhac8', -1, -1, -1, -1, -1, -1, -1, -1, -1, -1, -1),
('HS125', 'Lop07', 'SinhHoc8', -1, -1, -1, -1, -1, -1, -1, -1, -1, -1, -1),
('HS125', 'Lop07', 'TheDuc8', -1, -1, -1, -1, -1, -1, -1, -1, -1, -1, -1),
('HS125', 'Lop07', 'Tin8', -1, -1, -1, -1, -1, -1, -1, -1, -1, -1, -1),
('HS125', 'Lop07', 'Toan8', -1, -1, -1, -1, -1, -1, -1, -1, -1, -1, -1),
('HS125', 'Lop07', 'Van8', -1, -1, -1, -1, -1, -1, -1, -1, -1, -1, -1),
('HS126', 'Lop07', 'Anh8', -1, -1, -1, -1, -1, -1, -1, -1, -1, -1, -1),
('HS126', 'Lop07', 'CongDan8', -1, -1, -1, -1, -1, -1, -1, -1, -1, -1, -1),
('HS126', 'Lop07', 'CongNghe8', -1, -1, -1, -1, -1, -1, -1, -1, -1, -1, -1),
('HS126', 'Lop07', 'DiaLy8', -1, -1, -1, -1, -1, -1, -1, -1, -1, -1, -1),
('HS126', 'Lop07', 'HoaHoc8', -1, -1, -1, -1, -1, -1, -1, -1, -1, -1, -1),
('HS126', 'Lop07', 'LichSu8', -1, -1, -1, -1, -1, -1, -1, -1, -1, -1, -1),
('HS126', 'Lop07', 'Nhac8', -1, -1, -1, -1, -1, -1, -1, -1, -1, -1, -1),
('HS126', 'Lop07', 'SinhHoc8', -1, -1, -1, -1, -1, -1, -1, -1, -1, -1, -1),
('HS126', 'Lop07', 'TheDuc8', -1, -1, -1, -1, -1, -1, -1, -1, -1, -1, -1),
('HS126', 'Lop07', 'Tin8', -1, -1, -1, -1, -1, -1, -1, -1, -1, -1, -1),
('HS126', 'Lop07', 'Toan8', -1, -1, -1, -1, -1, -1, -1, -1, -1, -1, -1),
('HS126', 'Lop07', 'Van8', -1, -1, -1, -1, -1, -1, -1, -1, -1, -1, -1),
('HS127', 'Lop07', 'Anh8', -1, -1, -1, -1, -1, -1, -1, -1, -1, -1, -1),
('HS127', 'Lop07', 'CongDan8', -1, -1, -1, -1, -1, -1, -1, -1, -1, -1, -1),
('HS127', 'Lop07', 'CongNghe8', -1, -1, -1, -1, -1, -1, -1, -1, -1, -1, -1),
('HS127', 'Lop07', 'DiaLy8', -1, -1, -1, -1, -1, -1, -1, -1, -1, -1, -1),
('HS127', 'Lop07', 'HoaHoc8', -1, -1, -1, -1, -1, -1, -1, -1, -1, -1, -1),
('HS127', 'Lop07', 'LichSu8', -1, -1, -1, -1, -1, -1, -1, -1, -1, -1, -1),
('HS127', 'Lop07', 'Nhac8', -1, -1, -1, -1, -1, -1, -1, -1, -1, -1, -1),
('HS127', 'Lop07', 'SinhHoc8', -1, -1, -1, -1, -1, -1, -1, -1, -1, -1, -1),
('HS127', 'Lop07', 'TheDuc8', -1, -1, -1, -1, -1, -1, -1, -1, -1, -1, -1),
('HS127', 'Lop07', 'Tin8', -1, -1, -1, -1, -1, -1, -1, -1, -1, -1, -1),
('HS127', 'Lop07', 'Toan8', -1, -1, -1, -1, -1, -1, -1, -1, -1, -1, -1),
('HS127', 'Lop07', 'Van8', -1, -1, -1, -1, -1, -1, -1, -1, -1, -1, -1),
('HS128', 'Lop07', 'Anh8', -1, -1, -1, -1, -1, -1, -1, -1, -1, -1, -1),
('HS128', 'Lop07', 'CongDan8', -1, -1, -1, -1, -1, -1, -1, -1, -1, -1, -1),
('HS128', 'Lop07', 'CongNghe8', -1, -1, -1, -1, -1, -1, -1, -1, -1, -1, -1),
('HS128', 'Lop07', 'DiaLy8', -1, -1, -1, -1, -1, -1, -1, -1, -1, -1, -1),
('HS128', 'Lop07', 'HoaHoc8', -1, -1, -1, -1, -1, -1, -1, -1, -1, -1, -1),
('HS128', 'Lop07', 'LichSu8', -1, -1, -1, -1, -1, -1, -1, -1, -1, -1, -1),
('HS128', 'Lop07', 'Nhac8', -1, -1, -1, -1, -1, -1, -1, -1, -1, -1, -1),
('HS128', 'Lop07', 'SinhHoc8', -1, -1, -1, -1, -1, -1, -1, -1, -1, -1, -1),
('HS128', 'Lop07', 'TheDuc8', -1, -1, -1, -1, -1, -1, -1, -1, -1, -1, -1),
('HS128', 'Lop07', 'Tin8', -1, -1, -1, -1, -1, -1, -1, -1, -1, -1, -1),
('HS128', 'Lop07', 'Toan8', -1, -1, -1, -1, -1, -1, -1, -1, -1, -1, -1),
('HS128', 'Lop07', 'Van8', -1, -1, -1, -1, -1, -1, -1, -1, -1, -1, -1),
('HS129', 'Lop07', 'Anh8', -1, -1, -1, -1, -1, -1, -1, -1, -1, -1, -1),
('HS129', 'Lop07', 'CongDan8', -1, -1, -1, -1, -1, -1, -1, -1, -1, -1, -1),
('HS129', 'Lop07', 'CongNghe8', -1, -1, -1, -1, -1, -1, -1, -1, -1, -1, -1),
('HS129', 'Lop07', 'DiaLy8', -1, -1, -1, -1, -1, -1, -1, -1, -1, -1, -1),
('HS129', 'Lop07', 'HoaHoc8', -1, -1, -1, -1, -1, -1, -1, -1, -1, -1, -1),
('HS129', 'Lop07', 'LichSu8', -1, -1, -1, -1, -1, -1, -1, -1, -1, -1, -1),
('HS129', 'Lop07', 'Nhac8', -1, -1, -1, -1, -1, -1, -1, -1, -1, -1, -1),
('HS129', 'Lop07', 'SinhHoc8', -1, -1, -1, -1, -1, -1, -1, -1, -1, -1, -1),
('HS129', 'Lop07', 'TheDuc8', -1, -1, -1, -1, -1, -1, -1, -1, -1, -1, -1),
('HS129', 'Lop07', 'Tin8', -1, -1, -1, -1, -1, -1, -1, -1, -1, -1, -1),
('HS129', 'Lop07', 'Toan8', -1, -1, -1, -1, -1, -1, -1, -1, -1, -1, -1),
('HS129', 'Lop07', 'Van8', -1, -1, -1, -1, -1, -1, -1, -1, -1, -1, -1),
('HS13', 'Lop01', 'Anh6', -1, -1, -1, -1, -1, -1, -1, -1, -1, -1, -1),
('HS13', 'Lop01', 'CongDan6', -1, -1, -1, -1, -1, -1, -1, -1, -1, -1, -1),
('HS13', 'Lop01', 'CongNghe6', -1, -1, -1, -1, -1, -1, -1, -1, -1, -1, -1),
('HS13', 'Lop01', 'DiaLy6', -1, -1, -1, -1, -1, -1, -1, -1, -1, -1, -1),
('HS13', 'Lop01', 'LichSu6', -1, -1, -1, -1, -1, -1, -1, -1, -1, -1, -1),
('HS13', 'Lop01', 'Nhac6', -1, -1, -1, -1, -1, -1, -1, -1, -1, -1, -1),
('HS13', 'Lop01', 'TheDuc6', -1, -1, -1, -1, -1, -1, -1, -1, -1, -1, -1),
('HS13', 'Lop01', 'Tin6', -1, -1, -1, -1, -1, -1, -1, -1, -1, -1, -1),
('HS13', 'Lop01', 'Toan6', -1, -1, -1, -1, -1, -1, -1, -1, -1, -1, -1),
('HS13', 'Lop01', 'Van6', -1, -1, -1, -1, -1, -1, -1, -1, -1, -1, -1),
('HS130', 'Lop07', 'Anh8', -1, -1, -1, -1, -1, -1, -1, -1, -1, -1, -1),
('HS130', 'Lop07', 'CongDan8', -1, -1, -1, -1, -1, -1, -1, -1, -1, -1, -1),
('HS130', 'Lop07', 'CongNghe8', -1, -1, -1, -1, -1, -1, -1, -1, -1, -1, -1),
('HS130', 'Lop07', 'DiaLy8', -1, -1, -1, -1, -1, -1, -1, -1, -1, -1, -1),
('HS130', 'Lop07', 'HoaHoc8', -1, -1, -1, -1, -1, -1, -1, -1, -1, -1, -1),
('HS130', 'Lop07', 'LichSu8', -1, -1, -1, -1, -1, -1, -1, -1, -1, -1, -1),
('HS130', 'Lop07', 'Nhac8', -1, -1, -1, -1, -1, -1, -1, -1, -1, -1, -1),
('HS130', 'Lop07', 'SinhHoc8', -1, -1, -1, -1, -1, -1, -1, -1, -1, -1, -1),
('HS130', 'Lop07', 'TheDuc8', -1, -1, -1, -1, -1, -1, -1, -1, -1, -1, -1),
('HS130', 'Lop07', 'Tin8', -1, -1, -1, -1, -1, -1, -1, -1, -1, -1, -1),
('HS130', 'Lop07', 'Toan8', -1, -1, -1, -1, -1, -1, -1, -1, -1, -1, -1),
('HS130', 'Lop07', 'Van8', -1, -1, -1, -1, -1, -1, -1, -1, -1, -1, -1),
('HS131', 'Lop07', 'Anh8', -1, -1, -1, -1, -1, -1, -1, -1, -1, -1, -1),
('HS131', 'Lop07', 'CongDan8', -1, -1, -1, -1, -1, -1, -1, -1, -1, -1, -1),
('HS131', 'Lop07', 'CongNghe8', -1, -1, -1, -1, -1, -1, -1, -1, -1, -1, -1),
('HS131', 'Lop07', 'DiaLy8', -1, -1, -1, -1, -1, -1, -1, -1, -1, -1, -1),
('HS131', 'Lop07', 'HoaHoc8', -1, -1, -1, -1, -1, -1, -1, -1, -1, -1, -1),
('HS131', 'Lop07', 'LichSu8', -1, -1, -1, -1, -1, -1, -1, -1, -1, -1, -1),
('HS131', 'Lop07', 'Nhac8', -1, -1, -1, -1, -1, -1, -1, -1, -1, -1, -1),
('HS131', 'Lop07', 'SinhHoc8', -1, -1, -1, -1, -1, -1, -1, -1, -1, -1, -1),
('HS131', 'Lop07', 'TheDuc8', -1, -1, -1, -1, -1, -1, -1, -1, -1, -1, -1),
('HS131', 'Lop07', 'Tin8', -1, -1, -1, -1, -1, -1, -1, -1, -1, -1, -1),
('HS131', 'Lop07', 'Toan8', -1, -1, -1, -1, -1, -1, -1, -1, -1, -1, -1),
('HS131', 'Lop07', 'Van8', -1, -1, -1, -1, -1, -1, -1, -1, -1, -1, -1),
('HS132', 'Lop07', 'Anh8', -1, -1, -1, -1, -1, -1, -1, -1, -1, -1, -1),
('HS132', 'Lop07', 'CongDan8', -1, -1, -1, -1, -1, -1, -1, -1, -1, -1, -1),
('HS132', 'Lop07', 'CongNghe8', -1, -1, -1, -1, -1, -1, -1, -1, -1, -1, -1),
('HS132', 'Lop07', 'DiaLy8', -1, -1, -1, -1, -1, -1, -1, -1, -1, -1, -1),
('HS132', 'Lop07', 'HoaHoc8', -1, -1, -1, -1, -1, -1, -1, -1, -1, -1, -1),
('HS132', 'Lop07', 'LichSu8', -1, -1, -1, -1, -1, -1, -1, -1, -1, -1, -1),
('HS132', 'Lop07', 'Nhac8', -1, -1, -1, -1, -1, -1, -1, -1, -1, -1, -1),
('HS132', 'Lop07', 'SinhHoc8', -1, -1, -1, -1, -1, -1, -1, -1, -1, -1, -1),
('HS132', 'Lop07', 'TheDuc8', -1, -1, -1, -1, -1, -1, -1, -1, -1, -1, -1),
('HS132', 'Lop07', 'Tin8', -1, -1, -1, -1, -1, -1, -1, -1, -1, -1, -1),
('HS132', 'Lop07', 'Toan8', -1, -1, -1, -1, -1, -1, -1, -1, -1, -1, -1),
('HS132', 'Lop07', 'Van8', -1, -1, -1, -1, -1, -1, -1, -1, -1, -1, -1),
('HS133', 'Lop07', 'Anh8', -1, -1, -1, -1, -1, -1, -1, -1, -1, -1, -1),
('HS133', 'Lop07', 'CongDan8', -1, -1, -1, -1, -1, -1, -1, -1, -1, -1, -1),
('HS133', 'Lop07', 'CongNghe8', -1, -1, -1, -1, -1, -1, -1, -1, -1, -1, -1),
('HS133', 'Lop07', 'DiaLy8', -1, -1, -1, -1, -1, -1, -1, -1, -1, -1, -1),
('HS133', 'Lop07', 'HoaHoc8', -1, -1, -1, -1, -1, -1, -1, -1, -1, -1, -1),
('HS133', 'Lop07', 'LichSu8', -1, -1, -1, -1, -1, -1, -1, -1, -1, -1, -1),
('HS133', 'Lop07', 'Nhac8', -1, -1, -1, -1, -1, -1, -1, -1, -1, -1, -1),
('HS133', 'Lop07', 'SinhHoc8', -1, -1, -1, -1, -1, -1, -1, -1, -1, -1, -1),
('HS133', 'Lop07', 'TheDuc8', -1, -1, -1, -1, -1, -1, -1, -1, -1, -1, -1),
('HS133', 'Lop07', 'Tin8', -1, -1, -1, -1, -1, -1, -1, -1, -1, -1, -1),
('HS133', 'Lop07', 'Toan8', -1, -1, -1, -1, -1, -1, -1, -1, -1, -1, -1),
('HS133', 'Lop07', 'Van8', -1, -1, -1, -1, -1, -1, -1, -1, -1, -1, -1),
('HS134', 'Lop07', 'Anh8', -1, -1, -1, -1, -1, -1, -1, -1, -1, -1, -1),
('HS134', 'Lop07', 'CongDan8', -1, -1, -1, -1, -1, -1, -1, -1, -1, -1, -1),
('HS134', 'Lop07', 'CongNghe8', -1, -1, -1, -1, -1, -1, -1, -1, -1, -1, -1),
('HS134', 'Lop07', 'DiaLy8', -1, -1, -1, -1, -1, -1, -1, -1, -1, -1, -1),
('HS134', 'Lop07', 'HoaHoc8', -1, -1, -1, -1, -1, -1, -1, -1, -1, -1, -1),
('HS134', 'Lop07', 'LichSu8', -1, -1, -1, -1, -1, -1, -1, -1, -1, -1, -1),
('HS134', 'Lop07', 'Nhac8', -1, -1, -1, -1, -1, -1, -1, -1, -1, -1, -1),
('HS134', 'Lop07', 'SinhHoc8', -1, -1, -1, -1, -1, -1, -1, -1, -1, -1, -1),
('HS134', 'Lop07', 'TheDuc8', -1, -1, -1, -1, -1, -1, -1, -1, -1, -1, -1),
('HS134', 'Lop07', 'Tin8', -1, -1, -1, -1, -1, -1, -1, -1, -1, -1, -1),
('HS134', 'Lop07', 'Toan8', -1, -1, -1, -1, -1, -1, -1, -1, -1, -1, -1),
('HS134', 'Lop07', 'Van8', -1, -1, -1, -1, -1, -1, -1, -1, -1, -1, -1),
('HS135', 'Lop07', 'Anh8', -1, -1, -1, -1, -1, -1, -1, -1, -1, -1, -1),
('HS135', 'Lop07', 'CongDan8', -1, -1, -1, -1, -1, -1, -1, -1, -1, -1, -1),
('HS135', 'Lop07', 'CongNghe8', -1, -1, -1, -1, -1, -1, -1, -1, -1, -1, -1),
('HS135', 'Lop07', 'DiaLy8', -1, -1, -1, -1, -1, -1, -1, -1, -1, -1, -1),
('HS135', 'Lop07', 'HoaHoc8', -1, -1, -1, -1, -1, -1, -1, -1, -1, -1, -1),
('HS135', 'Lop07', 'LichSu8', -1, -1, -1, -1, -1, -1, -1, -1, -1, -1, -1),
('HS135', 'Lop07', 'Nhac8', -1, -1, -1, -1, -1, -1, -1, -1, -1, -1, -1),
('HS135', 'Lop07', 'SinhHoc8', -1, -1, -1, -1, -1, -1, -1, -1, -1, -1, -1),
('HS135', 'Lop07', 'TheDuc8', -1, -1, -1, -1, -1, -1, -1, -1, -1, -1, -1),
('HS135', 'Lop07', 'Tin8', -1, -1, -1, -1, -1, -1, -1, -1, -1, -1, -1),
('HS135', 'Lop07', 'Toan8', -1, -1, -1, -1, -1, -1, -1, -1, -1, -1, -1),
('HS135', 'Lop07', 'Van8', -1, -1, -1, -1, -1, -1, -1, -1, -1, -1, -1),
('HS136', 'Lop07', 'Anh8', -1, -1, -1, -1, -1, -1, -1, -1, -1, -1, -1),
('HS136', 'Lop07', 'CongDan8', -1, -1, -1, -1, -1, -1, -1, -1, -1, -1, -1),
('HS136', 'Lop07', 'CongNghe8', -1, -1, -1, -1, -1, -1, -1, -1, -1, -1, -1),
('HS136', 'Lop07', 'DiaLy8', -1, -1, -1, -1, -1, -1, -1, -1, -1, -1, -1),
('HS136', 'Lop07', 'HoaHoc8', -1, -1, -1, -1, -1, -1, -1, -1, -1, -1, -1),
('HS136', 'Lop07', 'LichSu8', -1, -1, -1, -1, -1, -1, -1, -1, -1, -1, -1),
('HS136', 'Lop07', 'Nhac8', -1, -1, -1, -1, -1, -1, -1, -1, -1, -1, -1),
('HS136', 'Lop07', 'SinhHoc8', -1, -1, -1, -1, -1, -1, -1, -1, -1, -1, -1),
('HS136', 'Lop07', 'TheDuc8', -1, -1, -1, -1, -1, -1, -1, -1, -1, -1, -1),
('HS136', 'Lop07', 'Tin8', -1, -1, -1, -1, -1, -1, -1, -1, -1, -1, -1),
('HS136', 'Lop07', 'Toan8', -1, -1, -1, -1, -1, -1, -1, -1, -1, -1, -1),
('HS136', 'Lop07', 'Van8', -1, -1, -1, -1, -1, -1, -1, -1, -1, -1, -1),
('HS137', 'Lop07', 'Anh8', -1, -1, -1, -1, -1, -1, -1, -1, -1, -1, -1),
('HS137', 'Lop07', 'CongDan8', -1, -1, -1, -1, -1, -1, -1, -1, -1, -1, -1),
('HS137', 'Lop07', 'CongNghe8', -1, -1, -1, -1, -1, -1, -1, -1, -1, -1, -1),
('HS137', 'Lop07', 'DiaLy8', -1, -1, -1, -1, -1, -1, -1, -1, -1, -1, -1),
('HS137', 'Lop07', 'HoaHoc8', -1, -1, -1, -1, -1, -1, -1, -1, -1, -1, -1),
('HS137', 'Lop07', 'LichSu8', -1, -1, -1, -1, -1, -1, -1, -1, -1, -1, -1),
('HS137', 'Lop07', 'Nhac8', -1, -1, -1, -1, -1, -1, -1, -1, -1, -1, -1),
('HS137', 'Lop07', 'SinhHoc8', -1, -1, -1, -1, -1, -1, -1, -1, -1, -1, -1),
('HS137', 'Lop07', 'TheDuc8', -1, -1, -1, -1, -1, -1, -1, -1, -1, -1, -1),
('HS137', 'Lop07', 'Tin8', -1, -1, -1, -1, -1, -1, -1, -1, -1, -1, -1),
('HS137', 'Lop07', 'Toan8', -1, -1, -1, -1, -1, -1, -1, -1, -1, -1, -1),
('HS137', 'Lop07', 'Van8', -1, -1, -1, -1, -1, -1, -1, -1, -1, -1, -1),
('HS138', 'Lop07', 'Anh8', -1, -1, -1, -1, -1, -1, -1, -1, -1, -1, -1),
('HS138', 'Lop07', 'CongDan8', -1, -1, -1, -1, -1, -1, -1, -1, -1, -1, -1),
('HS138', 'Lop07', 'CongNghe8', -1, -1, -1, -1, -1, -1, -1, -1, -1, -1, -1),
('HS138', 'Lop07', 'DiaLy8', -1, -1, -1, -1, -1, -1, -1, -1, -1, -1, -1),
('HS138', 'Lop07', 'HoaHoc8', -1, -1, -1, -1, -1, -1, -1, -1, -1, -1, -1),
('HS138', 'Lop07', 'LichSu8', -1, -1, -1, -1, -1, -1, -1, -1, -1, -1, -1),
('HS138', 'Lop07', 'Nhac8', -1, -1, -1, -1, -1, -1, -1, -1, -1, -1, -1),
('HS138', 'Lop07', 'SinhHoc8', -1, -1, -1, -1, -1, -1, -1, -1, -1, -1, -1),
('HS138', 'Lop07', 'TheDuc8', -1, -1, -1, -1, -1, -1, -1, -1, -1, -1, -1),
('HS138', 'Lop07', 'Tin8', -1, -1, -1, -1, -1, -1, -1, -1, -1, -1, -1),
('HS138', 'Lop07', 'Toan8', -1, -1, -1, -1, -1, -1, -1, -1, -1, -1, -1),
('HS138', 'Lop07', 'Van8', -1, -1, -1, -1, -1, -1, -1, -1, -1, -1, -1),
('HS139', 'Lop07', 'Anh8', -1, -1, -1, -1, -1, -1, -1, -1, -1, -1, -1),
('HS139', 'Lop07', 'CongDan8', -1, -1, -1, -1, -1, -1, -1, -1, -1, -1, -1),
('HS139', 'Lop07', 'CongNghe8', -1, -1, -1, -1, -1, -1, -1, -1, -1, -1, -1),
('HS139', 'Lop07', 'DiaLy8', -1, -1, -1, -1, -1, -1, -1, -1, -1, -1, -1),
('HS139', 'Lop07', 'HoaHoc8', -1, -1, -1, -1, -1, -1, -1, -1, -1, -1, -1),
('HS139', 'Lop07', 'LichSu8', -1, -1, -1, -1, -1, -1, -1, -1, -1, -1, -1),
('HS139', 'Lop07', 'Nhac8', -1, -1, -1, -1, -1, -1, -1, -1, -1, -1, -1),
('HS139', 'Lop07', 'SinhHoc8', -1, -1, -1, -1, -1, -1, -1, -1, -1, -1, -1),
('HS139', 'Lop07', 'TheDuc8', -1, -1, -1, -1, -1, -1, -1, -1, -1, -1, -1),
('HS139', 'Lop07', 'Tin8', -1, -1, -1, -1, -1, -1, -1, -1, -1, -1, -1),
('HS139', 'Lop07', 'Toan8', -1, -1, -1, -1, -1, -1, -1, -1, -1, -1, -1),
('HS139', 'Lop07', 'Van8', -1, -1, -1, -1, -1, -1, -1, -1, -1, -1, -1),
('HS14', 'Lop01', 'Anh6', -1, -1, -1, -1, -1, -1, -1, -1, -1, -1, -1),
('HS14', 'Lop01', 'CongDan6', -1, -1, -1, -1, -1, -1, -1, -1, -1, -1, -1),
('HS14', 'Lop01', 'CongNghe6', -1, -1, -1, -1, -1, -1, -1, -1, -1, -1, -1),
('HS14', 'Lop01', 'DiaLy6', -1, -1, -1, -1, -1, -1, -1, -1, -1, -1, -1),
('HS14', 'Lop01', 'LichSu6', -1, -1, -1, -1, -1, -1, -1, -1, -1, -1, -1),
('HS14', 'Lop01', 'Nhac6', -1, -1, -1, -1, -1, -1, -1, -1, -1, -1, -1),
('HS14', 'Lop01', 'TheDuc6', -1, -1, -1, -1, -1, -1, -1, -1, -1, -1, -1),
('HS14', 'Lop01', 'Tin6', -1, -1, -1, -1, -1, -1, -1, -1, -1, -1, -1),
('HS14', 'Lop01', 'Toan6', -1, -1, -1, -1, -1, -1, -1, -1, -1, -1, -1),
('HS14', 'Lop01', 'Van6', -1, -1, -1, -1, -1, -1, -1, -1, -1, -1, -1),
('HS140', 'Lop07', 'Anh8', -1, -1, -1, -1, -1, -1, -1, -1, -1, -1, -1),
('HS140', 'Lop07', 'CongDan8', -1, -1, -1, -1, -1, -1, -1, -1, -1, -1, -1),
('HS140', 'Lop07', 'CongNghe8', -1, -1, -1, -1, -1, -1, -1, -1, -1, -1, -1),
('HS140', 'Lop07', 'DiaLy8', -1, -1, -1, -1, -1, -1, -1, -1, -1, -1, -1),
('HS140', 'Lop07', 'HoaHoc8', -1, -1, -1, -1, -1, -1, -1, -1, -1, -1, -1),
('HS140', 'Lop07', 'LichSu8', -1, -1, -1, -1, -1, -1, -1, -1, -1, -1, -1),
('HS140', 'Lop07', 'Nhac8', -1, -1, -1, -1, -1, -1, -1, -1, -1, -1, -1),
('HS140', 'Lop07', 'SinhHoc8', -1, -1, -1, -1, -1, -1, -1, -1, -1, -1, -1),
('HS140', 'Lop07', 'TheDuc8', -1, -1, -1, -1, -1, -1, -1, -1, -1, -1, -1),
('HS140', 'Lop07', 'Tin8', -1, -1, -1, -1, -1, -1, -1, -1, -1, -1, -1),
('HS140', 'Lop07', 'Toan8', -1, -1, -1, -1, -1, -1, -1, -1, -1, -1, -1),
('HS140', 'Lop07', 'Van8', -1, -1, -1, -1, -1, -1, -1, -1, -1, -1, -1),
('HS141', 'Lop08', 'Anh8', -1, -1, -1, -1, -1, -1, -1, -1, -1, -1, -1),
('HS141', 'Lop08', 'CongDan8', -1, -1, -1, -1, -1, -1, -1, -1, -1, -1, -1),
('HS141', 'Lop08', 'CongNghe8', -1, -1, -1, -1, -1, -1, -1, -1, -1, -1, -1),
('HS141', 'Lop08', 'DiaLy8', -1, -1, -1, -1, -1, -1, -1, -1, -1, -1, -1),
('HS141', 'Lop08', 'HoaHoc8', -1, -1, -1, -1, -1, -1, -1, -1, -1, -1, -1),
('HS141', 'Lop08', 'LichSu8', -1, -1, -1, -1, -1, -1, -1, -1, -1, -1, -1),
('HS141', 'Lop08', 'Nhac8', -1, -1, -1, -1, -1, -1, -1, -1, -1, -1, -1),
('HS141', 'Lop08', 'SinhHoc8', -1, -1, -1, -1, -1, -1, -1, -1, -1, -1, -1),
('HS141', 'Lop08', 'TheDuc8', -1, -1, -1, -1, -1, -1, -1, -1, -1, -1, -1),
('HS141', 'Lop08', 'Tin8', -1, -1, -1, -1, -1, -1, -1, -1, -1, -1, -1),
('HS141', 'Lop08', 'Toan8', -1, -1, -1, -1, -1, -1, -1, -1, -1, -1, -1),
('HS141', 'Lop08', 'Van8', -1, -1, -1, -1, -1, -1, -1, -1, -1, -1, -1),
('HS142', 'Lop08', 'Anh8', -1, -1, -1, -1, -1, -1, -1, -1, -1, -1, -1),
('HS142', 'Lop08', 'CongDan8', -1, -1, -1, -1, -1, -1, -1, -1, -1, -1, -1),
('HS142', 'Lop08', 'CongNghe8', -1, -1, -1, -1, -1, -1, -1, -1, -1, -1, -1),
('HS142', 'Lop08', 'DiaLy8', -1, -1, -1, -1, -1, -1, -1, -1, -1, -1, -1),
('HS142', 'Lop08', 'HoaHoc8', -1, -1, -1, -1, -1, -1, -1, -1, -1, -1, -1),
('HS142', 'Lop08', 'LichSu8', -1, -1, -1, -1, -1, -1, -1, -1, -1, -1, -1),
('HS142', 'Lop08', 'Nhac8', -1, -1, -1, -1, -1, -1, -1, -1, -1, -1, -1),
('HS142', 'Lop08', 'SinhHoc8', -1, -1, -1, -1, -1, -1, -1, -1, -1, -1, -1),
('HS142', 'Lop08', 'TheDuc8', -1, -1, -1, -1, -1, -1, -1, -1, -1, -1, -1),
('HS142', 'Lop08', 'Tin8', -1, -1, -1, -1, -1, -1, -1, -1, -1, -1, -1),
('HS142', 'Lop08', 'Toan8', -1, -1, -1, -1, -1, -1, -1, -1, -1, -1, -1),
('HS142', 'Lop08', 'Van8', -1, -1, -1, -1, -1, -1, -1, -1, -1, -1, -1),
('HS143', 'Lop08', 'Anh8', -1, -1, -1, -1, -1, -1, -1, -1, -1, -1, -1),
('HS143', 'Lop08', 'CongDan8', -1, -1, -1, -1, -1, -1, -1, -1, -1, -1, -1),
('HS143', 'Lop08', 'CongNghe8', -1, -1, -1, -1, -1, -1, -1, -1, -1, -1, -1),
('HS143', 'Lop08', 'DiaLy8', -1, -1, -1, -1, -1, -1, -1, -1, -1, -1, -1),
('HS143', 'Lop08', 'HoaHoc8', -1, -1, -1, -1, -1, -1, -1, -1, -1, -1, -1),
('HS143', 'Lop08', 'LichSu8', -1, -1, -1, -1, -1, -1, -1, -1, -1, -1, -1),
('HS143', 'Lop08', 'Nhac8', -1, -1, -1, -1, -1, -1, -1, -1, -1, -1, -1),
('HS143', 'Lop08', 'SinhHoc8', -1, -1, -1, -1, -1, -1, -1, -1, -1, -1, -1),
('HS143', 'Lop08', 'TheDuc8', -1, -1, -1, -1, -1, -1, -1, -1, -1, -1, -1),
('HS143', 'Lop08', 'Tin8', -1, -1, -1, -1, -1, -1, -1, -1, -1, -1, -1),
('HS143', 'Lop08', 'Toan8', -1, -1, -1, -1, -1, -1, -1, -1, -1, -1, -1),
('HS143', 'Lop08', 'Van8', -1, -1, -1, -1, -1, -1, -1, -1, -1, -1, -1),
('HS144', 'Lop08', 'Anh8', -1, -1, -1, -1, -1, -1, -1, -1, -1, -1, -1),
('HS144', 'Lop08', 'CongDan8', -1, -1, -1, -1, -1, -1, -1, -1, -1, -1, -1),
('HS144', 'Lop08', 'CongNghe8', -1, -1, -1, -1, -1, -1, -1, -1, -1, -1, -1),
('HS144', 'Lop08', 'DiaLy8', -1, -1, -1, -1, -1, -1, -1, -1, -1, -1, -1),
('HS144', 'Lop08', 'HoaHoc8', -1, -1, -1, -1, -1, -1, -1, -1, -1, -1, -1),
('HS144', 'Lop08', 'LichSu8', -1, -1, -1, -1, -1, -1, -1, -1, -1, -1, -1),
('HS144', 'Lop08', 'Nhac8', -1, -1, -1, -1, -1, -1, -1, -1, -1, -1, -1),
('HS144', 'Lop08', 'SinhHoc8', -1, -1, -1, -1, -1, -1, -1, -1, -1, -1, -1),
('HS144', 'Lop08', 'TheDuc8', -1, -1, -1, -1, -1, -1, -1, -1, -1, -1, -1),
('HS144', 'Lop08', 'Tin8', -1, -1, -1, -1, -1, -1, -1, -1, -1, -1, -1),
('HS144', 'Lop08', 'Toan8', -1, -1, -1, -1, -1, -1, -1, -1, -1, -1, -1),
('HS144', 'Lop08', 'Van8', -1, -1, -1, -1, -1, -1, -1, -1, -1, -1, -1),
('HS145', 'Lop08', 'Anh8', -1, -1, -1, -1, -1, -1, -1, -1, -1, -1, -1),
('HS145', 'Lop08', 'CongDan8', -1, -1, -1, -1, -1, -1, -1, -1, -1, -1, -1),
('HS145', 'Lop08', 'CongNghe8', -1, -1, -1, -1, -1, -1, -1, -1, -1, -1, -1),
('HS145', 'Lop08', 'DiaLy8', -1, -1, -1, -1, -1, -1, -1, -1, -1, -1, -1),
('HS145', 'Lop08', 'HoaHoc8', -1, -1, -1, -1, -1, -1, -1, -1, -1, -1, -1),
('HS145', 'Lop08', 'LichSu8', -1, -1, -1, -1, -1, -1, -1, -1, -1, -1, -1),
('HS145', 'Lop08', 'Nhac8', -1, -1, -1, -1, -1, -1, -1, -1, -1, -1, -1),
('HS145', 'Lop08', 'SinhHoc8', -1, -1, -1, -1, -1, -1, -1, -1, -1, -1, -1),
('HS145', 'Lop08', 'TheDuc8', -1, -1, -1, -1, -1, -1, -1, -1, -1, -1, -1),
('HS145', 'Lop08', 'Tin8', -1, -1, -1, -1, -1, -1, -1, -1, -1, -1, -1),
('HS145', 'Lop08', 'Toan8', -1, -1, -1, -1, -1, -1, -1, -1, -1, -1, -1),
('HS145', 'Lop08', 'Van8', -1, -1, -1, -1, -1, -1, -1, -1, -1, -1, -1),
('HS146', 'Lop08', 'Anh8', -1, -1, -1, -1, -1, -1, -1, -1, -1, -1, -1),
('HS146', 'Lop08', 'CongDan8', -1, -1, -1, -1, -1, -1, -1, -1, -1, -1, -1),
('HS146', 'Lop08', 'CongNghe8', -1, -1, -1, -1, -1, -1, -1, -1, -1, -1, -1),
('HS146', 'Lop08', 'DiaLy8', -1, -1, -1, -1, -1, -1, -1, -1, -1, -1, -1),
('HS146', 'Lop08', 'HoaHoc8', -1, -1, -1, -1, -1, -1, -1, -1, -1, -1, -1),
('HS146', 'Lop08', 'LichSu8', -1, -1, -1, -1, -1, -1, -1, -1, -1, -1, -1),
('HS146', 'Lop08', 'Nhac8', -1, -1, -1, -1, -1, -1, -1, -1, -1, -1, -1),
('HS146', 'Lop08', 'SinhHoc8', -1, -1, -1, -1, -1, -1, -1, -1, -1, -1, -1),
('HS146', 'Lop08', 'TheDuc8', -1, -1, -1, -1, -1, -1, -1, -1, -1, -1, -1),
('HS146', 'Lop08', 'Tin8', -1, -1, -1, -1, -1, -1, -1, -1, -1, -1, -1),
('HS146', 'Lop08', 'Toan8', -1, -1, -1, -1, -1, -1, -1, -1, -1, -1, -1),
('HS146', 'Lop08', 'Van8', -1, -1, -1, -1, -1, -1, -1, -1, -1, -1, -1),
('HS147', 'Lop08', 'Anh8', -1, -1, -1, -1, -1, -1, -1, -1, -1, -1, -1),
('HS147', 'Lop08', 'CongDan8', -1, -1, -1, -1, -1, -1, -1, -1, -1, -1, -1),
('HS147', 'Lop08', 'CongNghe8', -1, -1, -1, -1, -1, -1, -1, -1, -1, -1, -1),
('HS147', 'Lop08', 'DiaLy8', -1, -1, -1, -1, -1, -1, -1, -1, -1, -1, -1),
('HS147', 'Lop08', 'HoaHoc8', -1, -1, -1, -1, -1, -1, -1, -1, -1, -1, -1),
('HS147', 'Lop08', 'LichSu8', -1, -1, -1, -1, -1, -1, -1, -1, -1, -1, -1),
('HS147', 'Lop08', 'Nhac8', -1, -1, -1, -1, -1, -1, -1, -1, -1, -1, -1),
('HS147', 'Lop08', 'SinhHoc8', -1, -1, -1, -1, -1, -1, -1, -1, -1, -1, -1),
('HS147', 'Lop08', 'TheDuc8', -1, -1, -1, -1, -1, -1, -1, -1, -1, -1, -1),
('HS147', 'Lop08', 'Tin8', -1, -1, -1, -1, -1, -1, -1, -1, -1, -1, -1),
('HS147', 'Lop08', 'Toan8', -1, -1, -1, -1, -1, -1, -1, -1, -1, -1, -1);
INSERT INTO `diem` (`MaHS`, `MaLop`, `MaMon`, `Diem15PhutHK1`, `Diem1TietHK1`, `DiemGiuaKyHK1`, `DiemCuoiKyHK1`, `DiemTbHK1`, `Diem15PhutHK2`, `Diem1TietHK2`, `DiemGiuaKyHK2`, `DiemCuoiKyHK2`, `DiemTbHK2`, `DiemTbMon`) VALUES
('HS147', 'Lop08', 'Van8', -1, -1, -1, -1, -1, -1, -1, -1, -1, -1, -1),
('HS148', 'Lop08', 'Anh8', -1, -1, -1, -1, -1, -1, -1, -1, -1, -1, -1),
('HS148', 'Lop08', 'CongDan8', -1, -1, -1, -1, -1, -1, -1, -1, -1, -1, -1),
('HS148', 'Lop08', 'CongNghe8', -1, -1, -1, -1, -1, -1, -1, -1, -1, -1, -1),
('HS148', 'Lop08', 'DiaLy8', -1, -1, -1, -1, -1, -1, -1, -1, -1, -1, -1),
('HS148', 'Lop08', 'HoaHoc8', -1, -1, -1, -1, -1, -1, -1, -1, -1, -1, -1),
('HS148', 'Lop08', 'LichSu8', -1, -1, -1, -1, -1, -1, -1, -1, -1, -1, -1),
('HS148', 'Lop08', 'Nhac8', -1, -1, -1, -1, -1, -1, -1, -1, -1, -1, -1),
('HS148', 'Lop08', 'SinhHoc8', -1, -1, -1, -1, -1, -1, -1, -1, -1, -1, -1),
('HS148', 'Lop08', 'TheDuc8', -1, -1, -1, -1, -1, -1, -1, -1, -1, -1, -1),
('HS148', 'Lop08', 'Tin8', -1, -1, -1, -1, -1, -1, -1, -1, -1, -1, -1),
('HS148', 'Lop08', 'Toan8', -1, -1, -1, -1, -1, -1, -1, -1, -1, -1, -1),
('HS148', 'Lop08', 'Van8', -1, -1, -1, -1, -1, -1, -1, -1, -1, -1, -1),
('HS149', 'Lop08', 'Anh8', -1, -1, -1, -1, -1, -1, -1, -1, -1, -1, -1),
('HS149', 'Lop08', 'CongDan8', -1, -1, -1, -1, -1, -1, -1, -1, -1, -1, -1),
('HS149', 'Lop08', 'CongNghe8', -1, -1, -1, -1, -1, -1, -1, -1, -1, -1, -1),
('HS149', 'Lop08', 'DiaLy8', -1, -1, -1, -1, -1, -1, -1, -1, -1, -1, -1),
('HS149', 'Lop08', 'HoaHoc8', -1, -1, -1, -1, -1, -1, -1, -1, -1, -1, -1),
('HS149', 'Lop08', 'LichSu8', -1, -1, -1, -1, -1, -1, -1, -1, -1, -1, -1),
('HS149', 'Lop08', 'Nhac8', -1, -1, -1, -1, -1, -1, -1, -1, -1, -1, -1),
('HS149', 'Lop08', 'SinhHoc8', -1, -1, -1, -1, -1, -1, -1, -1, -1, -1, -1),
('HS149', 'Lop08', 'TheDuc8', -1, -1, -1, -1, -1, -1, -1, -1, -1, -1, -1),
('HS149', 'Lop08', 'Tin8', -1, -1, -1, -1, -1, -1, -1, -1, -1, -1, -1),
('HS149', 'Lop08', 'Toan8', -1, -1, -1, -1, -1, -1, -1, -1, -1, -1, -1),
('HS149', 'Lop08', 'Van8', -1, -1, -1, -1, -1, -1, -1, -1, -1, -1, -1),
('HS15', 'Lop01', 'Anh6', -1, -1, -1, -1, -1, -1, -1, -1, -1, -1, -1),
('HS15', 'Lop01', 'CongDan6', -1, -1, -1, -1, -1, -1, -1, -1, -1, -1, -1),
('HS15', 'Lop01', 'CongNghe6', -1, -1, -1, -1, -1, -1, -1, -1, -1, -1, -1),
('HS15', 'Lop01', 'DiaLy6', -1, -1, -1, -1, -1, -1, -1, -1, -1, -1, -1),
('HS15', 'Lop01', 'LichSu6', -1, -1, -1, -1, -1, -1, -1, -1, -1, -1, -1),
('HS15', 'Lop01', 'Nhac6', -1, -1, -1, -1, -1, -1, -1, -1, -1, -1, -1),
('HS15', 'Lop01', 'TheDuc6', -1, -1, -1, -1, -1, -1, -1, -1, -1, -1, -1),
('HS15', 'Lop01', 'Tin6', -1, -1, -1, -1, -1, -1, -1, -1, -1, -1, -1),
('HS15', 'Lop01', 'Toan6', -1, -1, -1, -1, -1, -1, -1, -1, -1, -1, -1),
('HS15', 'Lop01', 'Van6', -1, -1, -1, -1, -1, -1, -1, -1, -1, -1, -1),
('HS150', 'Lop08', 'Anh8', -1, -1, -1, -1, -1, -1, -1, -1, -1, -1, -1),
('HS150', 'Lop08', 'CongDan8', -1, -1, -1, -1, -1, -1, -1, -1, -1, -1, -1),
('HS150', 'Lop08', 'CongNghe8', -1, -1, -1, -1, -1, -1, -1, -1, -1, -1, -1),
('HS150', 'Lop08', 'DiaLy8', -1, -1, -1, -1, -1, -1, -1, -1, -1, -1, -1),
('HS150', 'Lop08', 'HoaHoc8', -1, -1, -1, -1, -1, -1, -1, -1, -1, -1, -1),
('HS150', 'Lop08', 'LichSu8', -1, -1, -1, -1, -1, -1, -1, -1, -1, -1, -1),
('HS150', 'Lop08', 'Nhac8', -1, -1, -1, -1, -1, -1, -1, -1, -1, -1, -1),
('HS150', 'Lop08', 'SinhHoc8', -1, -1, -1, -1, -1, -1, -1, -1, -1, -1, -1),
('HS150', 'Lop08', 'TheDuc8', -1, -1, -1, -1, -1, -1, -1, -1, -1, -1, -1),
('HS150', 'Lop08', 'Tin8', -1, -1, -1, -1, -1, -1, -1, -1, -1, -1, -1),
('HS150', 'Lop08', 'Toan8', -1, -1, -1, -1, -1, -1, -1, -1, -1, -1, -1),
('HS150', 'Lop08', 'Van8', -1, -1, -1, -1, -1, -1, -1, -1, -1, -1, -1),
('HS151', 'Lop08', 'Anh8', -1, -1, -1, -1, -1, -1, -1, -1, -1, -1, -1),
('HS151', 'Lop08', 'CongDan8', -1, -1, -1, -1, -1, -1, -1, -1, -1, -1, -1),
('HS151', 'Lop08', 'CongNghe8', -1, -1, -1, -1, -1, -1, -1, -1, -1, -1, -1),
('HS151', 'Lop08', 'DiaLy8', -1, -1, -1, -1, -1, -1, -1, -1, -1, -1, -1),
('HS151', 'Lop08', 'HoaHoc8', -1, -1, -1, -1, -1, -1, -1, -1, -1, -1, -1),
('HS151', 'Lop08', 'LichSu8', -1, -1, -1, -1, -1, -1, -1, -1, -1, -1, -1),
('HS151', 'Lop08', 'Nhac8', -1, -1, -1, -1, -1, -1, -1, -1, -1, -1, -1),
('HS151', 'Lop08', 'SinhHoc8', -1, -1, -1, -1, -1, -1, -1, -1, -1, -1, -1),
('HS151', 'Lop08', 'TheDuc8', -1, -1, -1, -1, -1, -1, -1, -1, -1, -1, -1),
('HS151', 'Lop08', 'Tin8', -1, -1, -1, -1, -1, -1, -1, -1, -1, -1, -1),
('HS151', 'Lop08', 'Toan8', -1, -1, -1, -1, -1, -1, -1, -1, -1, -1, -1),
('HS151', 'Lop08', 'Van8', -1, -1, -1, -1, -1, -1, -1, -1, -1, -1, -1),
('HS152', 'Lop08', 'Anh8', -1, -1, -1, -1, -1, -1, -1, -1, -1, -1, -1),
('HS152', 'Lop08', 'CongDan8', -1, -1, -1, -1, -1, -1, -1, -1, -1, -1, -1),
('HS152', 'Lop08', 'CongNghe8', -1, -1, -1, -1, -1, -1, -1, -1, -1, -1, -1),
('HS152', 'Lop08', 'DiaLy8', -1, -1, -1, -1, -1, -1, -1, -1, -1, -1, -1),
('HS152', 'Lop08', 'HoaHoc8', -1, -1, -1, -1, -1, -1, -1, -1, -1, -1, -1),
('HS152', 'Lop08', 'LichSu8', -1, -1, -1, -1, -1, -1, -1, -1, -1, -1, -1),
('HS152', 'Lop08', 'Nhac8', -1, -1, -1, -1, -1, -1, -1, -1, -1, -1, -1),
('HS152', 'Lop08', 'SinhHoc8', -1, -1, -1, -1, -1, -1, -1, -1, -1, -1, -1),
('HS152', 'Lop08', 'TheDuc8', -1, -1, -1, -1, -1, -1, -1, -1, -1, -1, -1),
('HS152', 'Lop08', 'Tin8', -1, -1, -1, -1, -1, -1, -1, -1, -1, -1, -1),
('HS152', 'Lop08', 'Toan8', -1, -1, -1, -1, -1, -1, -1, -1, -1, -1, -1),
('HS152', 'Lop08', 'Van8', -1, -1, -1, -1, -1, -1, -1, -1, -1, -1, -1),
('HS153', 'Lop08', 'Anh8', -1, -1, -1, -1, -1, -1, -1, -1, -1, -1, -1),
('HS153', 'Lop08', 'CongDan8', -1, -1, -1, -1, -1, -1, -1, -1, -1, -1, -1),
('HS153', 'Lop08', 'CongNghe8', -1, -1, -1, -1, -1, -1, -1, -1, -1, -1, -1),
('HS153', 'Lop08', 'DiaLy8', -1, -1, -1, -1, -1, -1, -1, -1, -1, -1, -1),
('HS153', 'Lop08', 'HoaHoc8', -1, -1, -1, -1, -1, -1, -1, -1, -1, -1, -1),
('HS153', 'Lop08', 'LichSu8', -1, -1, -1, -1, -1, -1, -1, -1, -1, -1, -1),
('HS153', 'Lop08', 'Nhac8', -1, -1, -1, -1, -1, -1, -1, -1, -1, -1, -1),
('HS153', 'Lop08', 'SinhHoc8', -1, -1, -1, -1, -1, -1, -1, -1, -1, -1, -1),
('HS153', 'Lop08', 'TheDuc8', -1, -1, -1, -1, -1, -1, -1, -1, -1, -1, -1),
('HS153', 'Lop08', 'Tin8', -1, -1, -1, -1, -1, -1, -1, -1, -1, -1, -1),
('HS153', 'Lop08', 'Toan8', -1, -1, -1, -1, -1, -1, -1, -1, -1, -1, -1),
('HS153', 'Lop08', 'Van8', -1, -1, -1, -1, -1, -1, -1, -1, -1, -1, -1),
('HS154', 'Lop08', 'Anh8', -1, -1, -1, -1, -1, -1, -1, -1, -1, -1, -1),
('HS154', 'Lop08', 'CongDan8', -1, -1, -1, -1, -1, -1, -1, -1, -1, -1, -1),
('HS154', 'Lop08', 'CongNghe8', -1, -1, -1, -1, -1, -1, -1, -1, -1, -1, -1),
('HS154', 'Lop08', 'DiaLy8', -1, -1, -1, -1, -1, -1, -1, -1, -1, -1, -1),
('HS154', 'Lop08', 'HoaHoc8', -1, -1, -1, -1, -1, -1, -1, -1, -1, -1, -1),
('HS154', 'Lop08', 'LichSu8', -1, -1, -1, -1, -1, -1, -1, -1, -1, -1, -1),
('HS154', 'Lop08', 'Nhac8', -1, -1, -1, -1, -1, -1, -1, -1, -1, -1, -1),
('HS154', 'Lop08', 'SinhHoc8', -1, -1, -1, -1, -1, -1, -1, -1, -1, -1, -1),
('HS154', 'Lop08', 'TheDuc8', -1, -1, -1, -1, -1, -1, -1, -1, -1, -1, -1),
('HS154', 'Lop08', 'Tin8', -1, -1, -1, -1, -1, -1, -1, -1, -1, -1, -1),
('HS154', 'Lop08', 'Toan8', -1, -1, -1, -1, -1, -1, -1, -1, -1, -1, -1),
('HS154', 'Lop08', 'Van8', -1, -1, -1, -1, -1, -1, -1, -1, -1, -1, -1),
('HS155', 'Lop08', 'Anh8', -1, -1, -1, -1, -1, -1, -1, -1, -1, -1, -1),
('HS155', 'Lop08', 'CongDan8', -1, -1, -1, -1, -1, -1, -1, -1, -1, -1, -1),
('HS155', 'Lop08', 'CongNghe8', -1, -1, -1, -1, -1, -1, -1, -1, -1, -1, -1),
('HS155', 'Lop08', 'DiaLy8', -1, -1, -1, -1, -1, -1, -1, -1, -1, -1, -1),
('HS155', 'Lop08', 'HoaHoc8', -1, -1, -1, -1, -1, -1, -1, -1, -1, -1, -1),
('HS155', 'Lop08', 'LichSu8', -1, -1, -1, -1, -1, -1, -1, -1, -1, -1, -1),
('HS155', 'Lop08', 'Nhac8', -1, -1, -1, -1, -1, -1, -1, -1, -1, -1, -1),
('HS155', 'Lop08', 'SinhHoc8', -1, -1, -1, -1, -1, -1, -1, -1, -1, -1, -1),
('HS155', 'Lop08', 'TheDuc8', -1, -1, -1, -1, -1, -1, -1, -1, -1, -1, -1),
('HS155', 'Lop08', 'Tin8', -1, -1, -1, -1, -1, -1, -1, -1, -1, -1, -1),
('HS155', 'Lop08', 'Toan8', -1, -1, -1, -1, -1, -1, -1, -1, -1, -1, -1),
('HS155', 'Lop08', 'Van8', -1, -1, -1, -1, -1, -1, -1, -1, -1, -1, -1),
('HS156', 'Lop08', 'Anh8', -1, -1, -1, -1, -1, -1, -1, -1, -1, -1, -1),
('HS156', 'Lop08', 'CongDan8', -1, -1, -1, -1, -1, -1, -1, -1, -1, -1, -1),
('HS156', 'Lop08', 'CongNghe8', -1, -1, -1, -1, -1, -1, -1, -1, -1, -1, -1),
('HS156', 'Lop08', 'DiaLy8', -1, -1, -1, -1, -1, -1, -1, -1, -1, -1, -1),
('HS156', 'Lop08', 'HoaHoc8', -1, -1, -1, -1, -1, -1, -1, -1, -1, -1, -1),
('HS156', 'Lop08', 'LichSu8', -1, -1, -1, -1, -1, -1, -1, -1, -1, -1, -1),
('HS156', 'Lop08', 'Nhac8', -1, -1, -1, -1, -1, -1, -1, -1, -1, -1, -1),
('HS156', 'Lop08', 'SinhHoc8', -1, -1, -1, -1, -1, -1, -1, -1, -1, -1, -1),
('HS156', 'Lop08', 'TheDuc8', -1, -1, -1, -1, -1, -1, -1, -1, -1, -1, -1),
('HS156', 'Lop08', 'Tin8', -1, -1, -1, -1, -1, -1, -1, -1, -1, -1, -1),
('HS156', 'Lop08', 'Toan8', -1, -1, -1, -1, -1, -1, -1, -1, -1, -1, -1),
('HS156', 'Lop08', 'Van8', -1, -1, -1, -1, -1, -1, -1, -1, -1, -1, -1),
('HS157', 'Lop08', 'Anh8', -1, -1, -1, -1, -1, -1, -1, -1, -1, -1, -1),
('HS157', 'Lop08', 'CongDan8', -1, -1, -1, -1, -1, -1, -1, -1, -1, -1, -1),
('HS157', 'Lop08', 'CongNghe8', -1, -1, -1, -1, -1, -1, -1, -1, -1, -1, -1),
('HS157', 'Lop08', 'DiaLy8', -1, -1, -1, -1, -1, -1, -1, -1, -1, -1, -1),
('HS157', 'Lop08', 'HoaHoc8', -1, -1, -1, -1, -1, -1, -1, -1, -1, -1, -1),
('HS157', 'Lop08', 'LichSu8', -1, -1, -1, -1, -1, -1, -1, -1, -1, -1, -1),
('HS157', 'Lop08', 'Nhac8', -1, -1, -1, -1, -1, -1, -1, -1, -1, -1, -1),
('HS157', 'Lop08', 'SinhHoc8', -1, -1, -1, -1, -1, -1, -1, -1, -1, -1, -1),
('HS157', 'Lop08', 'TheDuc8', -1, -1, -1, -1, -1, -1, -1, -1, -1, -1, -1),
('HS157', 'Lop08', 'Tin8', -1, -1, -1, -1, -1, -1, -1, -1, -1, -1, -1),
('HS157', 'Lop08', 'Toan8', -1, -1, -1, -1, -1, -1, -1, -1, -1, -1, -1),
('HS157', 'Lop08', 'Van8', -1, -1, -1, -1, -1, -1, -1, -1, -1, -1, -1),
('HS158', 'Lop08', 'Anh8', -1, -1, -1, -1, -1, -1, -1, -1, -1, -1, -1),
('HS158', 'Lop08', 'CongDan8', -1, -1, -1, -1, -1, -1, -1, -1, -1, -1, -1),
('HS158', 'Lop08', 'CongNghe8', -1, -1, -1, -1, -1, -1, -1, -1, -1, -1, -1),
('HS158', 'Lop08', 'DiaLy8', -1, -1, -1, -1, -1, -1, -1, -1, -1, -1, -1),
('HS158', 'Lop08', 'HoaHoc8', -1, -1, -1, -1, -1, -1, -1, -1, -1, -1, -1),
('HS158', 'Lop08', 'LichSu8', -1, -1, -1, -1, -1, -1, -1, -1, -1, -1, -1),
('HS158', 'Lop08', 'Nhac8', -1, -1, -1, -1, -1, -1, -1, -1, -1, -1, -1),
('HS158', 'Lop08', 'SinhHoc8', -1, -1, -1, -1, -1, -1, -1, -1, -1, -1, -1),
('HS158', 'Lop08', 'TheDuc8', -1, -1, -1, -1, -1, -1, -1, -1, -1, -1, -1),
('HS158', 'Lop08', 'Tin8', -1, -1, -1, -1, -1, -1, -1, -1, -1, -1, -1),
('HS158', 'Lop08', 'Toan8', -1, -1, -1, -1, -1, -1, -1, -1, -1, -1, -1),
('HS158', 'Lop08', 'Van8', -1, -1, -1, -1, -1, -1, -1, -1, -1, -1, -1),
('HS159', 'Lop08', 'Anh8', -1, -1, -1, -1, -1, -1, -1, -1, -1, -1, -1),
('HS159', 'Lop08', 'CongDan8', -1, -1, -1, -1, -1, -1, -1, -1, -1, -1, -1),
('HS159', 'Lop08', 'CongNghe8', -1, -1, -1, -1, -1, -1, -1, -1, -1, -1, -1),
('HS159', 'Lop08', 'DiaLy8', -1, -1, -1, -1, -1, -1, -1, -1, -1, -1, -1),
('HS159', 'Lop08', 'HoaHoc8', -1, -1, -1, -1, -1, -1, -1, -1, -1, -1, -1),
('HS159', 'Lop08', 'LichSu8', -1, -1, -1, -1, -1, -1, -1, -1, -1, -1, -1),
('HS159', 'Lop08', 'Nhac8', -1, -1, -1, -1, -1, -1, -1, -1, -1, -1, -1),
('HS159', 'Lop08', 'SinhHoc8', -1, -1, -1, -1, -1, -1, -1, -1, -1, -1, -1),
('HS159', 'Lop08', 'TheDuc8', -1, -1, -1, -1, -1, -1, -1, -1, -1, -1, -1),
('HS159', 'Lop08', 'Tin8', -1, -1, -1, -1, -1, -1, -1, -1, -1, -1, -1),
('HS159', 'Lop08', 'Toan8', -1, -1, -1, -1, -1, -1, -1, -1, -1, -1, -1),
('HS159', 'Lop08', 'Van8', -1, -1, -1, -1, -1, -1, -1, -1, -1, -1, -1),
('HS16', 'Lop01', 'Anh6', -1, -1, -1, -1, -1, -1, -1, -1, -1, -1, -1),
('HS16', 'Lop01', 'CongDan6', -1, -1, -1, -1, -1, -1, -1, -1, -1, -1, -1),
('HS16', 'Lop01', 'CongNghe6', -1, -1, -1, -1, -1, -1, -1, -1, -1, -1, -1),
('HS16', 'Lop01', 'DiaLy6', -1, -1, -1, -1, -1, -1, -1, -1, -1, -1, -1),
('HS16', 'Lop01', 'LichSu6', -1, -1, -1, -1, -1, -1, -1, -1, -1, -1, -1),
('HS16', 'Lop01', 'Nhac6', -1, -1, -1, -1, -1, -1, -1, -1, -1, -1, -1),
('HS16', 'Lop01', 'TheDuc6', -1, -1, -1, -1, -1, -1, -1, -1, -1, -1, -1),
('HS16', 'Lop01', 'Tin6', -1, -1, -1, -1, -1, -1, -1, -1, -1, -1, -1),
('HS16', 'Lop01', 'Toan6', -1, -1, -1, -1, -1, -1, -1, -1, -1, -1, -1),
('HS16', 'Lop01', 'Van6', -1, -1, -1, -1, -1, -1, -1, -1, -1, -1, -1),
('HS160', 'Lop08', 'Anh8', -1, -1, -1, -1, -1, -1, -1, -1, -1, -1, -1),
('HS160', 'Lop08', 'CongDan8', -1, -1, -1, -1, -1, -1, -1, -1, -1, -1, -1),
('HS160', 'Lop08', 'CongNghe8', -1, -1, -1, -1, -1, -1, -1, -1, -1, -1, -1),
('HS160', 'Lop08', 'DiaLy8', -1, -1, -1, -1, -1, -1, -1, -1, -1, -1, -1),
('HS160', 'Lop08', 'HoaHoc8', -1, -1, -1, -1, -1, -1, -1, -1, -1, -1, -1),
('HS160', 'Lop08', 'LichSu8', -1, -1, -1, -1, -1, -1, -1, -1, -1, -1, -1),
('HS160', 'Lop08', 'Nhac8', -1, -1, -1, -1, -1, -1, -1, -1, -1, -1, -1),
('HS160', 'Lop08', 'SinhHoc8', -1, -1, -1, -1, -1, -1, -1, -1, -1, -1, -1),
('HS160', 'Lop08', 'TheDuc8', -1, -1, -1, -1, -1, -1, -1, -1, -1, -1, -1),
('HS160', 'Lop08', 'Tin8', -1, -1, -1, -1, -1, -1, -1, -1, -1, -1, -1),
('HS160', 'Lop08', 'Toan8', -1, -1, -1, -1, -1, -1, -1, -1, -1, -1, -1),
('HS160', 'Lop08', 'Van8', -1, -1, -1, -1, -1, -1, -1, -1, -1, -1, -1),
('HS161', 'Lop09', 'Anh9', -1, -1, -1, -1, -1, -1, -1, -1, -1, -1, -1),
('HS161', 'Lop09', 'CongDan9', -1, -1, -1, -1, -1, -1, -1, -1, -1, -1, -1),
('HS161', 'Lop09', 'CongNghe9', 9, -1, -1, -1, -1, -1, -1, -1, -1, -1, -1),
('HS161', 'Lop09', 'DiaLy9', -1, -1, -1, -1, -1, -1, -1, -1, -1, -1, -1),
('HS161', 'Lop09', 'HoaHoc9', -1, -1, -1, -1, -1, -1, -1, -1, -1, -1, -1),
('HS161', 'Lop09', 'LichSu9', -1, -1, -1, -1, -1, -1, -1, -1, -1, -1, -1),
('HS161', 'Lop09', 'Nhac9', -1, -1, -1, -1, -1, -1, -1, -1, -1, -1, -1),
('HS161', 'Lop09', 'SinhHoc9', -1, -1, -1, -1, -1, -1, -1, -1, -1, -1, -1),
('HS161', 'Lop09', 'TheDuc9', -1, -1, -1, -1, -1, -1, -1, -1, -1, -1, -1),
('HS161', 'Lop09', 'Tin9', -1, -1, -1, -1, -1, -1, -1, -1, -1, -1, -1),
('HS161', 'Lop09', 'Toan9', -1, -1, -1, -1, -1, -1, -1, -1, -1, -1, -1),
('HS161', 'Lop09', 'Van9', -1, -1, -1, -1, -1, -1, -1, -1, -1, -1, -1),
('HS162', 'Lop09', 'Anh9', -1, -1, -1, -1, -1, -1, -1, -1, -1, -1, -1),
('HS162', 'Lop09', 'CongDan9', -1, -1, -1, -1, -1, -1, -1, -1, -1, -1, -1),
('HS162', 'Lop09', 'CongNghe9', 2, -1, -1, -1, -1, -1, -1, -1, -1, -1, -1),
('HS162', 'Lop09', 'DiaLy9', -1, -1, -1, -1, -1, -1, -1, -1, -1, -1, -1),
('HS162', 'Lop09', 'HoaHoc9', -1, -1, -1, -1, -1, -1, -1, -1, -1, -1, -1),
('HS162', 'Lop09', 'LichSu9', -1, -1, -1, -1, -1, -1, -1, -1, -1, -1, -1),
('HS162', 'Lop09', 'Nhac9', -1, -1, -1, -1, -1, -1, -1, -1, -1, -1, -1),
('HS162', 'Lop09', 'SinhHoc9', -1, -1, -1, -1, -1, -1, -1, -1, -1, -1, -1),
('HS162', 'Lop09', 'TheDuc9', -1, -1, -1, -1, -1, -1, -1, -1, -1, -1, -1),
('HS162', 'Lop09', 'Tin9', -1, -1, -1, -1, -1, -1, -1, -1, -1, -1, -1),
('HS162', 'Lop09', 'Toan9', -1, -1, -1, -1, -1, -1, -1, -1, -1, -1, -1),
('HS162', 'Lop09', 'Van9', -1, -1, -1, -1, -1, -1, -1, -1, -1, -1, -1),
('HS163', 'Lop09', 'Anh9', -1, -1, -1, -1, -1, -1, -1, -1, -1, -1, -1),
('HS163', 'Lop09', 'CongDan9', -1, -1, -1, -1, -1, -1, -1, -1, -1, -1, -1),
('HS163', 'Lop09', 'CongNghe9', 6, -1, -1, -1, -1, -1, -1, -1, -1, -1, -1),
('HS163', 'Lop09', 'DiaLy9', -1, -1, -1, -1, -1, -1, -1, -1, -1, -1, -1),
('HS163', 'Lop09', 'HoaHoc9', -1, -1, -1, -1, -1, -1, -1, -1, -1, -1, -1),
('HS163', 'Lop09', 'LichSu9', -1, -1, -1, -1, -1, -1, -1, -1, -1, -1, -1),
('HS163', 'Lop09', 'Nhac9', -1, -1, -1, -1, -1, -1, -1, -1, -1, -1, -1),
('HS163', 'Lop09', 'SinhHoc9', -1, -1, -1, -1, -1, -1, -1, -1, -1, -1, -1),
('HS163', 'Lop09', 'TheDuc9', -1, -1, -1, -1, -1, -1, -1, -1, -1, -1, -1),
('HS163', 'Lop09', 'Tin9', -1, -1, -1, -1, -1, -1, -1, -1, -1, -1, -1),
('HS163', 'Lop09', 'Toan9', -1, -1, -1, -1, -1, -1, -1, -1, -1, -1, -1),
('HS163', 'Lop09', 'Van9', -1, -1, -1, -1, -1, -1, -1, -1, -1, -1, -1),
('HS164', 'Lop09', 'Anh9', -1, -1, -1, -1, -1, -1, -1, -1, -1, -1, -1),
('HS164', 'Lop09', 'CongDan9', -1, -1, -1, -1, -1, -1, -1, -1, -1, -1, -1),
('HS164', 'Lop09', 'CongNghe9', 6, -1, -1, -1, -1, -1, -1, -1, -1, -1, -1),
('HS164', 'Lop09', 'DiaLy9', -1, -1, -1, -1, -1, -1, -1, -1, -1, -1, -1),
('HS164', 'Lop09', 'HoaHoc9', -1, -1, -1, -1, -1, -1, -1, -1, -1, -1, -1),
('HS164', 'Lop09', 'LichSu9', -1, -1, -1, -1, -1, -1, -1, -1, -1, -1, -1),
('HS164', 'Lop09', 'Nhac9', -1, -1, -1, -1, -1, -1, -1, -1, -1, -1, -1),
('HS164', 'Lop09', 'SinhHoc9', -1, -1, -1, -1, -1, -1, -1, -1, -1, -1, -1),
('HS164', 'Lop09', 'TheDuc9', -1, -1, -1, -1, -1, -1, -1, -1, -1, -1, -1),
('HS164', 'Lop09', 'Tin9', -1, -1, -1, -1, -1, -1, -1, -1, -1, -1, -1),
('HS164', 'Lop09', 'Toan9', -1, -1, -1, -1, -1, -1, -1, -1, -1, -1, -1),
('HS164', 'Lop09', 'Van9', -1, -1, -1, -1, -1, -1, -1, -1, -1, -1, -1),
('HS165', 'Lop09', 'Anh9', -1, -1, -1, -1, -1, -1, -1, -1, -1, -1, -1),
('HS165', 'Lop09', 'CongDan9', -1, -1, -1, -1, -1, -1, -1, -1, -1, -1, -1),
('HS165', 'Lop09', 'CongNghe9', 9, -1, -1, -1, -1, -1, -1, -1, -1, -1, -1),
('HS165', 'Lop09', 'DiaLy9', -1, -1, -1, -1, -1, -1, -1, -1, -1, -1, -1),
('HS165', 'Lop09', 'HoaHoc9', -1, -1, -1, -1, -1, -1, -1, -1, -1, -1, -1),
('HS165', 'Lop09', 'LichSu9', -1, -1, -1, -1, -1, -1, -1, -1, -1, -1, -1),
('HS165', 'Lop09', 'Nhac9', -1, -1, -1, -1, -1, -1, -1, -1, -1, -1, -1),
('HS165', 'Lop09', 'SinhHoc9', -1, -1, -1, -1, -1, -1, -1, -1, -1, -1, -1),
('HS165', 'Lop09', 'TheDuc9', -1, -1, -1, -1, -1, -1, -1, -1, -1, -1, -1),
('HS165', 'Lop09', 'Tin9', -1, -1, -1, -1, -1, -1, -1, -1, -1, -1, -1),
('HS165', 'Lop09', 'Toan9', -1, -1, -1, -1, -1, -1, -1, -1, -1, -1, -1),
('HS165', 'Lop09', 'Van9', -1, -1, -1, -1, -1, -1, -1, -1, -1, -1, -1),
('HS166', 'Lop09', 'Anh9', -1, -1, -1, -1, -1, -1, -1, -1, -1, -1, -1),
('HS166', 'Lop09', 'CongDan9', -1, -1, -1, -1, -1, -1, -1, -1, -1, -1, -1),
('HS166', 'Lop09', 'CongNghe9', 5, -1, -1, -1, -1, -1, -1, -1, -1, -1, -1),
('HS166', 'Lop09', 'DiaLy9', -1, -1, -1, -1, -1, -1, -1, -1, -1, -1, -1),
('HS166', 'Lop09', 'HoaHoc9', -1, -1, -1, -1, -1, -1, -1, -1, -1, -1, -1),
('HS166', 'Lop09', 'LichSu9', -1, -1, -1, -1, -1, -1, -1, -1, -1, -1, -1),
('HS166', 'Lop09', 'Nhac9', -1, -1, -1, -1, -1, -1, -1, -1, -1, -1, -1),
('HS166', 'Lop09', 'SinhHoc9', -1, -1, -1, -1, -1, -1, -1, -1, -1, -1, -1),
('HS166', 'Lop09', 'TheDuc9', -1, -1, -1, -1, -1, -1, -1, -1, -1, -1, -1),
('HS166', 'Lop09', 'Tin9', -1, -1, -1, -1, -1, -1, -1, -1, -1, -1, -1),
('HS166', 'Lop09', 'Toan9', -1, -1, -1, -1, -1, -1, -1, -1, -1, -1, -1),
('HS166', 'Lop09', 'Van9', -1, -1, -1, -1, -1, -1, -1, -1, -1, -1, -1),
('HS167', 'Lop09', 'Anh9', -1, -1, -1, -1, -1, -1, -1, -1, -1, -1, -1),
('HS167', 'Lop09', 'CongDan9', -1, -1, -1, -1, -1, -1, -1, -1, -1, -1, -1),
('HS167', 'Lop09', 'CongNghe9', 10, -1, -1, -1, -1, -1, -1, -1, -1, -1, -1),
('HS167', 'Lop09', 'DiaLy9', -1, -1, -1, -1, -1, -1, -1, -1, -1, -1, -1),
('HS167', 'Lop09', 'HoaHoc9', -1, -1, -1, -1, -1, -1, -1, -1, -1, -1, -1),
('HS167', 'Lop09', 'LichSu9', -1, -1, -1, -1, -1, -1, -1, -1, -1, -1, -1),
('HS167', 'Lop09', 'Nhac9', -1, -1, -1, -1, -1, -1, -1, -1, -1, -1, -1),
('HS167', 'Lop09', 'SinhHoc9', -1, -1, -1, -1, -1, -1, -1, -1, -1, -1, -1),
('HS167', 'Lop09', 'TheDuc9', -1, -1, -1, -1, -1, -1, -1, -1, -1, -1, -1),
('HS167', 'Lop09', 'Tin9', -1, -1, -1, -1, -1, -1, -1, -1, -1, -1, -1),
('HS167', 'Lop09', 'Toan9', -1, -1, -1, -1, -1, -1, -1, -1, -1, -1, -1),
('HS167', 'Lop09', 'Van9', -1, -1, -1, -1, -1, -1, -1, -1, -1, -1, -1),
('HS168', 'Lop09', 'Anh9', -1, -1, -1, -1, -1, -1, -1, -1, -1, -1, -1),
('HS168', 'Lop09', 'CongDan9', -1, -1, -1, -1, -1, -1, -1, -1, -1, -1, -1),
('HS168', 'Lop09', 'CongNghe9', 8, -1, -1, -1, -1, -1, -1, -1, -1, -1, -1),
('HS168', 'Lop09', 'DiaLy9', -1, -1, -1, -1, -1, -1, -1, -1, -1, -1, -1),
('HS168', 'Lop09', 'HoaHoc9', -1, -1, -1, -1, -1, -1, -1, -1, -1, -1, -1),
('HS168', 'Lop09', 'LichSu9', -1, -1, -1, -1, -1, -1, -1, -1, -1, -1, -1),
('HS168', 'Lop09', 'Nhac9', -1, -1, -1, -1, -1, -1, -1, -1, -1, -1, -1),
('HS168', 'Lop09', 'SinhHoc9', -1, -1, -1, -1, -1, -1, -1, -1, -1, -1, -1),
('HS168', 'Lop09', 'TheDuc9', -1, -1, -1, -1, -1, -1, -1, -1, -1, -1, -1),
('HS168', 'Lop09', 'Tin9', -1, -1, -1, -1, -1, -1, -1, -1, -1, -1, -1),
('HS168', 'Lop09', 'Toan9', -1, -1, -1, -1, -1, -1, -1, -1, -1, -1, -1),
('HS168', 'Lop09', 'Van9', -1, -1, -1, -1, -1, -1, -1, -1, -1, -1, -1),
('HS169', 'Lop09', 'Anh9', -1, -1, -1, -1, -1, -1, -1, -1, -1, -1, -1),
('HS169', 'Lop09', 'CongDan9', -1, -1, -1, -1, -1, -1, -1, -1, -1, -1, -1),
('HS169', 'Lop09', 'CongNghe9', 5, -1, -1, -1, -1, -1, -1, -1, -1, -1, -1),
('HS169', 'Lop09', 'DiaLy9', -1, -1, -1, -1, -1, -1, -1, -1, -1, -1, -1),
('HS169', 'Lop09', 'HoaHoc9', -1, -1, -1, -1, -1, -1, -1, -1, -1, -1, -1),
('HS169', 'Lop09', 'LichSu9', -1, -1, -1, -1, -1, -1, -1, -1, -1, -1, -1),
('HS169', 'Lop09', 'Nhac9', -1, -1, -1, -1, -1, -1, -1, -1, -1, -1, -1),
('HS169', 'Lop09', 'SinhHoc9', -1, -1, -1, -1, -1, -1, -1, -1, -1, -1, -1),
('HS169', 'Lop09', 'TheDuc9', -1, -1, -1, -1, -1, -1, -1, -1, -1, -1, -1),
('HS169', 'Lop09', 'Tin9', -1, -1, -1, -1, -1, -1, -1, -1, -1, -1, -1),
('HS169', 'Lop09', 'Toan9', -1, -1, -1, -1, -1, -1, -1, -1, -1, -1, -1),
('HS169', 'Lop09', 'Van9', -1, -1, -1, -1, -1, -1, -1, -1, -1, -1, -1),
('HS17', 'Lop01', 'Anh6', -1, -1, -1, -1, -1, -1, -1, -1, -1, -1, -1),
('HS17', 'Lop01', 'CongDan6', -1, -1, -1, -1, -1, -1, -1, -1, -1, -1, -1),
('HS17', 'Lop01', 'CongNghe6', -1, -1, -1, -1, -1, -1, -1, -1, -1, -1, -1),
('HS17', 'Lop01', 'DiaLy6', -1, -1, -1, -1, -1, -1, -1, -1, -1, -1, -1),
('HS17', 'Lop01', 'LichSu6', -1, -1, -1, -1, -1, -1, -1, -1, -1, -1, -1),
('HS17', 'Lop01', 'Nhac6', -1, -1, -1, -1, -1, -1, -1, -1, -1, -1, -1),
('HS17', 'Lop01', 'TheDuc6', -1, -1, -1, -1, -1, -1, -1, -1, -1, -1, -1),
('HS17', 'Lop01', 'Tin6', -1, -1, -1, -1, -1, -1, -1, -1, -1, -1, -1),
('HS17', 'Lop01', 'Toan6', -1, -1, -1, -1, -1, -1, -1, -1, -1, -1, -1),
('HS17', 'Lop01', 'Van6', -1, -1, -1, -1, -1, -1, -1, -1, -1, -1, -1),
('HS170', 'Lop09', 'Anh9', -1, -1, -1, -1, -1, -1, -1, -1, -1, -1, -1),
('HS170', 'Lop09', 'CongDan9', -1, -1, -1, -1, -1, -1, -1, -1, -1, -1, -1),
('HS170', 'Lop09', 'CongNghe9', 7, -1, -1, -1, -1, -1, -1, -1, -1, -1, -1),
('HS170', 'Lop09', 'DiaLy9', -1, -1, -1, -1, -1, -1, -1, -1, -1, -1, -1),
('HS170', 'Lop09', 'HoaHoc9', -1, -1, -1, -1, -1, -1, -1, -1, -1, -1, -1),
('HS170', 'Lop09', 'LichSu9', -1, -1, -1, -1, -1, -1, -1, -1, -1, -1, -1),
('HS170', 'Lop09', 'Nhac9', -1, -1, -1, -1, -1, -1, -1, -1, -1, -1, -1),
('HS170', 'Lop09', 'SinhHoc9', -1, -1, -1, -1, -1, -1, -1, -1, -1, -1, -1),
('HS170', 'Lop09', 'TheDuc9', -1, -1, -1, -1, -1, -1, -1, -1, -1, -1, -1),
('HS170', 'Lop09', 'Tin9', -1, -1, -1, -1, -1, -1, -1, -1, -1, -1, -1),
('HS170', 'Lop09', 'Toan9', -1, -1, -1, -1, -1, -1, -1, -1, -1, -1, -1),
('HS170', 'Lop09', 'Van9', -1, -1, -1, -1, -1, -1, -1, -1, -1, -1, -1),
('HS171', 'Lop09', 'Anh9', -1, -1, -1, -1, -1, -1, -1, -1, -1, -1, -1),
('HS171', 'Lop09', 'CongDan9', -1, -1, -1, -1, -1, -1, -1, -1, -1, -1, -1),
('HS171', 'Lop09', 'CongNghe9', 5, -1, -1, -1, -1, -1, -1, -1, -1, -1, -1),
('HS171', 'Lop09', 'DiaLy9', -1, -1, -1, -1, -1, -1, -1, -1, -1, -1, -1),
('HS171', 'Lop09', 'HoaHoc9', -1, -1, -1, -1, -1, -1, -1, -1, -1, -1, -1),
('HS171', 'Lop09', 'LichSu9', -1, -1, -1, -1, -1, -1, -1, -1, -1, -1, -1),
('HS171', 'Lop09', 'Nhac9', -1, -1, -1, -1, -1, -1, -1, -1, -1, -1, -1),
('HS171', 'Lop09', 'SinhHoc9', -1, -1, -1, -1, -1, -1, -1, -1, -1, -1, -1),
('HS171', 'Lop09', 'TheDuc9', -1, -1, -1, -1, -1, -1, -1, -1, -1, -1, -1),
('HS171', 'Lop09', 'Tin9', -1, -1, -1, -1, -1, -1, -1, -1, -1, -1, -1),
('HS171', 'Lop09', 'Toan9', -1, -1, -1, -1, -1, -1, -1, -1, -1, -1, -1),
('HS171', 'Lop09', 'Van9', -1, -1, -1, -1, -1, -1, -1, -1, -1, -1, -1),
('HS172', 'Lop09', 'Anh9', -1, -1, -1, -1, -1, -1, -1, -1, -1, -1, -1),
('HS172', 'Lop09', 'CongDan9', -1, -1, -1, -1, -1, -1, -1, -1, -1, -1, -1),
('HS172', 'Lop09', 'CongNghe9', 8, -1, -1, -1, -1, -1, -1, -1, -1, -1, -1),
('HS172', 'Lop09', 'DiaLy9', -1, -1, -1, -1, -1, -1, -1, -1, -1, -1, -1),
('HS172', 'Lop09', 'HoaHoc9', -1, -1, -1, -1, -1, -1, -1, -1, -1, -1, -1),
('HS172', 'Lop09', 'LichSu9', -1, -1, -1, -1, -1, -1, -1, -1, -1, -1, -1),
('HS172', 'Lop09', 'Nhac9', -1, -1, -1, -1, -1, -1, -1, -1, -1, -1, -1),
('HS172', 'Lop09', 'SinhHoc9', -1, -1, -1, -1, -1, -1, -1, -1, -1, -1, -1),
('HS172', 'Lop09', 'TheDuc9', -1, -1, -1, -1, -1, -1, -1, -1, -1, -1, -1),
('HS172', 'Lop09', 'Tin9', -1, -1, -1, -1, -1, -1, -1, -1, -1, -1, -1),
('HS172', 'Lop09', 'Toan9', -1, -1, -1, -1, -1, -1, -1, -1, -1, -1, -1),
('HS172', 'Lop09', 'Van9', -1, -1, -1, -1, -1, -1, -1, -1, -1, -1, -1),
('HS173', 'Lop09', 'Anh9', -1, -1, -1, -1, -1, -1, -1, -1, -1, -1, -1),
('HS173', 'Lop09', 'CongDan9', -1, -1, -1, -1, -1, -1, -1, -1, -1, -1, -1),
('HS173', 'Lop09', 'CongNghe9', 0, -1, -1, -1, -1, -1, -1, -1, -1, -1, -1),
('HS173', 'Lop09', 'DiaLy9', -1, -1, -1, -1, -1, -1, -1, -1, -1, -1, -1),
('HS173', 'Lop09', 'HoaHoc9', -1, -1, -1, -1, -1, -1, -1, -1, -1, -1, -1),
('HS173', 'Lop09', 'LichSu9', -1, -1, -1, -1, -1, -1, -1, -1, -1, -1, -1),
('HS173', 'Lop09', 'Nhac9', -1, -1, -1, -1, -1, -1, -1, -1, -1, -1, -1),
('HS173', 'Lop09', 'SinhHoc9', -1, -1, -1, -1, -1, -1, -1, -1, -1, -1, -1),
('HS173', 'Lop09', 'TheDuc9', -1, -1, -1, -1, -1, -1, -1, -1, -1, -1, -1),
('HS173', 'Lop09', 'Tin9', -1, -1, -1, -1, -1, -1, -1, -1, -1, -1, -1),
('HS173', 'Lop09', 'Toan9', -1, -1, -1, -1, -1, -1, -1, -1, -1, -1, -1),
('HS173', 'Lop09', 'Van9', -1, -1, -1, -1, -1, -1, -1, -1, -1, -1, -1),
('HS174', 'Lop09', 'Anh9', -1, -1, -1, -1, -1, -1, -1, -1, -1, -1, -1),
('HS174', 'Lop09', 'CongDan9', -1, -1, -1, -1, -1, -1, -1, -1, -1, -1, -1),
('HS174', 'Lop09', 'CongNghe9', 4, -1, -1, -1, -1, -1, -1, -1, -1, -1, -1),
('HS174', 'Lop09', 'DiaLy9', -1, -1, -1, -1, -1, -1, -1, -1, -1, -1, -1),
('HS174', 'Lop09', 'HoaHoc9', -1, -1, -1, -1, -1, -1, -1, -1, -1, -1, -1),
('HS174', 'Lop09', 'LichSu9', -1, -1, -1, -1, -1, -1, -1, -1, -1, -1, -1),
('HS174', 'Lop09', 'Nhac9', -1, -1, -1, -1, -1, -1, -1, -1, -1, -1, -1),
('HS174', 'Lop09', 'SinhHoc9', -1, -1, -1, -1, -1, -1, -1, -1, -1, -1, -1),
('HS174', 'Lop09', 'TheDuc9', -1, -1, -1, -1, -1, -1, -1, -1, -1, -1, -1),
('HS174', 'Lop09', 'Tin9', -1, -1, -1, -1, -1, -1, -1, -1, -1, -1, -1),
('HS174', 'Lop09', 'Toan9', -1, -1, -1, -1, -1, -1, -1, -1, -1, -1, -1),
('HS174', 'Lop09', 'Van9', -1, -1, -1, -1, -1, -1, -1, -1, -1, -1, -1),
('HS175', 'Lop09', 'Anh9', -1, -1, -1, -1, -1, -1, -1, -1, -1, -1, -1),
('HS175', 'Lop09', 'CongDan9', -1, -1, -1, -1, -1, -1, -1, -1, -1, -1, -1),
('HS175', 'Lop09', 'CongNghe9', 6, -1, -1, -1, -1, -1, -1, -1, -1, -1, -1),
('HS175', 'Lop09', 'DiaLy9', -1, -1, -1, -1, -1, -1, -1, -1, -1, -1, -1),
('HS175', 'Lop09', 'HoaHoc9', -1, -1, -1, -1, -1, -1, -1, -1, -1, -1, -1),
('HS175', 'Lop09', 'LichSu9', -1, -1, -1, -1, -1, -1, -1, -1, -1, -1, -1),
('HS175', 'Lop09', 'Nhac9', -1, -1, -1, -1, -1, -1, -1, -1, -1, -1, -1),
('HS175', 'Lop09', 'SinhHoc9', -1, -1, -1, -1, -1, -1, -1, -1, -1, -1, -1),
('HS175', 'Lop09', 'TheDuc9', -1, -1, -1, -1, -1, -1, -1, -1, -1, -1, -1),
('HS175', 'Lop09', 'Tin9', -1, -1, -1, -1, -1, -1, -1, -1, -1, -1, -1),
('HS175', 'Lop09', 'Toan9', -1, -1, -1, -1, -1, -1, -1, -1, -1, -1, -1),
('HS175', 'Lop09', 'Van9', -1, -1, -1, -1, -1, -1, -1, -1, -1, -1, -1),
('HS176', 'Lop09', 'Anh9', -1, -1, -1, -1, -1, -1, -1, -1, -1, -1, -1),
('HS176', 'Lop09', 'CongDan9', -1, -1, -1, -1, -1, -1, -1, -1, -1, -1, -1),
('HS176', 'Lop09', 'CongNghe9', 2, -1, -1, -1, -1, -1, -1, -1, -1, -1, -1),
('HS176', 'Lop09', 'DiaLy9', -1, -1, -1, -1, -1, -1, -1, -1, -1, -1, -1),
('HS176', 'Lop09', 'HoaHoc9', -1, -1, -1, -1, -1, -1, -1, -1, -1, -1, -1),
('HS176', 'Lop09', 'LichSu9', -1, -1, -1, -1, -1, -1, -1, -1, -1, -1, -1),
('HS176', 'Lop09', 'Nhac9', -1, -1, -1, -1, -1, -1, -1, -1, -1, -1, -1),
('HS176', 'Lop09', 'SinhHoc9', -1, -1, -1, -1, -1, -1, -1, -1, -1, -1, -1),
('HS176', 'Lop09', 'TheDuc9', -1, -1, -1, -1, -1, -1, -1, -1, -1, -1, -1),
('HS176', 'Lop09', 'Tin9', -1, -1, -1, -1, -1, -1, -1, -1, -1, -1, -1),
('HS176', 'Lop09', 'Toan9', -1, -1, -1, -1, -1, -1, -1, -1, -1, -1, -1),
('HS176', 'Lop09', 'Van9', -1, -1, -1, -1, -1, -1, -1, -1, -1, -1, -1),
('HS177', 'Lop09', 'Anh9', -1, -1, -1, -1, -1, -1, -1, -1, -1, -1, -1),
('HS177', 'Lop09', 'CongDan9', -1, -1, -1, -1, -1, -1, -1, -1, -1, -1, -1),
('HS177', 'Lop09', 'CongNghe9', 8, -1, -1, -1, -1, -1, -1, -1, -1, -1, -1),
('HS177', 'Lop09', 'DiaLy9', -1, -1, -1, -1, -1, -1, -1, -1, -1, -1, -1),
('HS177', 'Lop09', 'HoaHoc9', -1, -1, -1, -1, -1, -1, -1, -1, -1, -1, -1),
('HS177', 'Lop09', 'LichSu9', -1, -1, -1, -1, -1, -1, -1, -1, -1, -1, -1),
('HS177', 'Lop09', 'Nhac9', -1, -1, -1, -1, -1, -1, -1, -1, -1, -1, -1),
('HS177', 'Lop09', 'SinhHoc9', -1, -1, -1, -1, -1, -1, -1, -1, -1, -1, -1),
('HS177', 'Lop09', 'TheDuc9', -1, -1, -1, -1, -1, -1, -1, -1, -1, -1, -1),
('HS177', 'Lop09', 'Tin9', -1, -1, -1, -1, -1, -1, -1, -1, -1, -1, -1),
('HS177', 'Lop09', 'Toan9', -1, -1, -1, -1, -1, -1, -1, -1, -1, -1, -1),
('HS177', 'Lop09', 'Van9', -1, -1, -1, -1, -1, -1, -1, -1, -1, -1, -1),
('HS178', 'Lop09', 'Anh9', -1, -1, -1, -1, -1, -1, -1, -1, -1, -1, -1),
('HS178', 'Lop09', 'CongDan9', -1, -1, -1, -1, -1, -1, -1, -1, -1, -1, -1),
('HS178', 'Lop09', 'CongNghe9', 7, -1, -1, -1, -1, -1, -1, -1, -1, -1, -1),
('HS178', 'Lop09', 'DiaLy9', -1, -1, -1, -1, -1, -1, -1, -1, -1, -1, -1),
('HS178', 'Lop09', 'HoaHoc9', -1, -1, -1, -1, -1, -1, -1, -1, -1, -1, -1),
('HS178', 'Lop09', 'LichSu9', -1, -1, -1, -1, -1, -1, -1, -1, -1, -1, -1),
('HS178', 'Lop09', 'Nhac9', -1, -1, -1, -1, -1, -1, -1, -1, -1, -1, -1),
('HS178', 'Lop09', 'SinhHoc9', -1, -1, -1, -1, -1, -1, -1, -1, -1, -1, -1),
('HS178', 'Lop09', 'TheDuc9', -1, -1, -1, -1, -1, -1, -1, -1, -1, -1, -1),
('HS178', 'Lop09', 'Tin9', -1, -1, -1, -1, -1, -1, -1, -1, -1, -1, -1),
('HS178', 'Lop09', 'Toan9', -1, -1, -1, -1, -1, -1, -1, -1, -1, -1, -1),
('HS178', 'Lop09', 'Van9', -1, -1, -1, -1, -1, -1, -1, -1, -1, -1, -1),
('HS179', 'Lop09', 'Anh9', -1, -1, -1, -1, -1, -1, -1, -1, -1, -1, -1),
('HS179', 'Lop09', 'CongDan9', -1, -1, -1, -1, -1, -1, -1, -1, -1, -1, -1),
('HS179', 'Lop09', 'CongNghe9', 10, -1, -1, -1, -1, -1, -1, -1, -1, -1, -1),
('HS179', 'Lop09', 'DiaLy9', -1, -1, -1, -1, -1, -1, -1, -1, -1, -1, -1),
('HS179', 'Lop09', 'HoaHoc9', -1, -1, -1, -1, -1, -1, -1, -1, -1, -1, -1),
('HS179', 'Lop09', 'LichSu9', -1, -1, -1, -1, -1, -1, -1, -1, -1, -1, -1),
('HS179', 'Lop09', 'Nhac9', -1, -1, -1, -1, -1, -1, -1, -1, -1, -1, -1),
('HS179', 'Lop09', 'SinhHoc9', -1, -1, -1, -1, -1, -1, -1, -1, -1, -1, -1),
('HS179', 'Lop09', 'TheDuc9', -1, -1, -1, -1, -1, -1, -1, -1, -1, -1, -1),
('HS179', 'Lop09', 'Tin9', -1, -1, -1, -1, -1, -1, -1, -1, -1, -1, -1),
('HS179', 'Lop09', 'Toan9', -1, -1, -1, -1, -1, -1, -1, -1, -1, -1, -1),
('HS179', 'Lop09', 'Van9', -1, -1, -1, -1, -1, -1, -1, -1, -1, -1, -1),
('HS18', 'Lop01', 'Anh6', -1, -1, -1, -1, -1, -1, -1, -1, -1, -1, -1),
('HS18', 'Lop01', 'CongDan6', -1, -1, -1, -1, -1, -1, -1, -1, -1, -1, -1),
('HS18', 'Lop01', 'CongNghe6', -1, -1, -1, -1, -1, -1, -1, -1, -1, -1, -1),
('HS18', 'Lop01', 'DiaLy6', -1, -1, -1, -1, -1, -1, -1, -1, -1, -1, -1),
('HS18', 'Lop01', 'LichSu6', -1, -1, -1, -1, -1, -1, -1, -1, -1, -1, -1),
('HS18', 'Lop01', 'Nhac6', -1, -1, -1, -1, -1, -1, -1, -1, -1, -1, -1),
('HS18', 'Lop01', 'TheDuc6', -1, -1, -1, -1, -1, -1, -1, -1, -1, -1, -1),
('HS18', 'Lop01', 'Tin6', -1, -1, -1, -1, -1, -1, -1, -1, -1, -1, -1),
('HS18', 'Lop01', 'Toan6', -1, -1, -1, -1, -1, -1, -1, -1, -1, -1, -1),
('HS18', 'Lop01', 'Van6', -1, -1, -1, -1, -1, -1, -1, -1, -1, -1, -1),
('HS180', 'Lop09', 'Anh9', -1, -1, -1, -1, -1, -1, -1, -1, -1, -1, -1),
('HS180', 'Lop09', 'CongDan9', -1, -1, -1, -1, -1, -1, -1, -1, -1, -1, -1),
('HS180', 'Lop09', 'CongNghe9', 5, -1, -1, -1, -1, -1, -1, -1, -1, -1, -1),
('HS180', 'Lop09', 'DiaLy9', -1, -1, -1, -1, -1, -1, -1, -1, -1, -1, -1),
('HS180', 'Lop09', 'HoaHoc9', -1, -1, -1, -1, -1, -1, -1, -1, -1, -1, -1),
('HS180', 'Lop09', 'LichSu9', -1, -1, -1, -1, -1, -1, -1, -1, -1, -1, -1),
('HS180', 'Lop09', 'Nhac9', -1, -1, -1, -1, -1, -1, -1, -1, -1, -1, -1),
('HS180', 'Lop09', 'SinhHoc9', -1, -1, -1, -1, -1, -1, -1, -1, -1, -1, -1),
('HS180', 'Lop09', 'TheDuc9', -1, -1, -1, -1, -1, -1, -1, -1, -1, -1, -1),
('HS180', 'Lop09', 'Tin9', -1, -1, -1, -1, -1, -1, -1, -1, -1, -1, -1),
('HS180', 'Lop09', 'Toan9', -1, -1, -1, -1, -1, -1, -1, -1, -1, -1, -1),
('HS180', 'Lop09', 'Van9', -1, -1, -1, -1, -1, -1, -1, -1, -1, -1, -1),
('HS181', 'Lop10', 'Anh9', -1, -1, -1, -1, -1, -1, -1, -1, -1, -1, -1),
('HS181', 'Lop10', 'CongDan9', -1, -1, -1, -1, -1, -1, -1, -1, -1, -1, -1),
('HS181', 'Lop10', 'CongNghe9', -1, -1, -1, -1, -1, -1, -1, -1, -1, -1, -1),
('HS181', 'Lop10', 'DiaLy9', -1, -1, -1, -1, -1, -1, -1, -1, -1, -1, -1),
('HS181', 'Lop10', 'HoaHoc9', -1, -1, -1, -1, -1, -1, -1, -1, -1, -1, -1),
('HS181', 'Lop10', 'LichSu9', -1, -1, -1, -1, -1, -1, -1, -1, -1, -1, -1),
('HS181', 'Lop10', 'Nhac9', -1, -1, -1, -1, -1, -1, -1, -1, -1, -1, -1),
('HS181', 'Lop10', 'SinhHoc9', -1, -1, -1, -1, -1, -1, -1, -1, -1, -1, -1),
('HS181', 'Lop10', 'TheDuc9', -1, -1, -1, -1, -1, -1, -1, -1, -1, -1, -1),
('HS181', 'Lop10', 'Tin9', -1, -1, -1, -1, -1, -1, -1, -1, -1, -1, -1),
('HS181', 'Lop10', 'Toan9', -1, -1, -1, -1, -1, -1, -1, -1, -1, -1, -1),
('HS181', 'Lop10', 'Van9', -1, -1, -1, -1, -1, -1, -1, -1, -1, -1, -1),
('HS182', 'Lop10', 'Anh9', -1, -1, -1, -1, -1, -1, -1, -1, -1, -1, -1),
('HS182', 'Lop10', 'CongDan9', -1, -1, -1, -1, -1, -1, -1, -1, -1, -1, -1),
('HS182', 'Lop10', 'CongNghe9', -1, -1, -1, -1, -1, -1, -1, -1, -1, -1, -1),
('HS182', 'Lop10', 'DiaLy9', -1, -1, -1, -1, -1, -1, -1, -1, -1, -1, -1),
('HS182', 'Lop10', 'HoaHoc9', -1, -1, -1, -1, -1, -1, -1, -1, -1, -1, -1),
('HS182', 'Lop10', 'LichSu9', -1, -1, -1, -1, -1, -1, -1, -1, -1, -1, -1),
('HS182', 'Lop10', 'Nhac9', -1, -1, -1, -1, -1, -1, -1, -1, -1, -1, -1),
('HS182', 'Lop10', 'SinhHoc9', -1, -1, -1, -1, -1, -1, -1, -1, -1, -1, -1),
('HS182', 'Lop10', 'TheDuc9', -1, -1, -1, -1, -1, -1, -1, -1, -1, -1, -1),
('HS182', 'Lop10', 'Tin9', -1, -1, -1, -1, -1, -1, -1, -1, -1, -1, -1),
('HS182', 'Lop10', 'Toan9', -1, -1, -1, -1, -1, -1, -1, -1, -1, -1, -1),
('HS182', 'Lop10', 'Van9', -1, -1, -1, -1, -1, -1, -1, -1, -1, -1, -1),
('HS183', 'Lop10', 'Anh9', -1, -1, -1, -1, -1, -1, -1, -1, -1, -1, -1),
('HS183', 'Lop10', 'CongDan9', -1, -1, -1, -1, -1, -1, -1, -1, -1, -1, -1),
('HS183', 'Lop10', 'CongNghe9', -1, -1, -1, -1, -1, -1, -1, -1, -1, -1, -1),
('HS183', 'Lop10', 'DiaLy9', -1, -1, -1, -1, -1, -1, -1, -1, -1, -1, -1),
('HS183', 'Lop10', 'HoaHoc9', -1, -1, -1, -1, -1, -1, -1, -1, -1, -1, -1),
('HS183', 'Lop10', 'LichSu9', -1, -1, -1, -1, -1, -1, -1, -1, -1, -1, -1),
('HS183', 'Lop10', 'Nhac9', -1, -1, -1, -1, -1, -1, -1, -1, -1, -1, -1),
('HS183', 'Lop10', 'SinhHoc9', -1, -1, -1, -1, -1, -1, -1, -1, -1, -1, -1),
('HS183', 'Lop10', 'TheDuc9', -1, -1, -1, -1, -1, -1, -1, -1, -1, -1, -1),
('HS183', 'Lop10', 'Tin9', -1, -1, -1, -1, -1, -1, -1, -1, -1, -1, -1),
('HS183', 'Lop10', 'Toan9', -1, -1, -1, -1, -1, -1, -1, -1, -1, -1, -1),
('HS183', 'Lop10', 'Van9', -1, -1, -1, -1, -1, -1, -1, -1, -1, -1, -1),
('HS184', 'Lop10', 'Anh9', -1, -1, -1, -1, -1, -1, -1, -1, -1, -1, -1),
('HS184', 'Lop10', 'CongDan9', -1, -1, -1, -1, -1, -1, -1, -1, -1, -1, -1),
('HS184', 'Lop10', 'CongNghe9', -1, -1, -1, -1, -1, -1, -1, -1, -1, -1, -1),
('HS184', 'Lop10', 'DiaLy9', -1, -1, -1, -1, -1, -1, -1, -1, -1, -1, -1),
('HS184', 'Lop10', 'HoaHoc9', -1, -1, -1, -1, -1, -1, -1, -1, -1, -1, -1),
('HS184', 'Lop10', 'LichSu9', -1, -1, -1, -1, -1, -1, -1, -1, -1, -1, -1),
('HS184', 'Lop10', 'Nhac9', -1, -1, -1, -1, -1, -1, -1, -1, -1, -1, -1),
('HS184', 'Lop10', 'SinhHoc9', -1, -1, -1, -1, -1, -1, -1, -1, -1, -1, -1),
('HS184', 'Lop10', 'TheDuc9', -1, -1, -1, -1, -1, -1, -1, -1, -1, -1, -1),
('HS184', 'Lop10', 'Tin9', -1, -1, -1, -1, -1, -1, -1, -1, -1, -1, -1),
('HS184', 'Lop10', 'Toan9', -1, -1, -1, -1, -1, -1, -1, -1, -1, -1, -1),
('HS184', 'Lop10', 'Van9', -1, -1, -1, -1, -1, -1, -1, -1, -1, -1, -1),
('HS185', 'Lop10', 'Anh9', -1, -1, -1, -1, -1, -1, -1, -1, -1, -1, -1),
('HS185', 'Lop10', 'CongDan9', -1, -1, -1, -1, -1, -1, -1, -1, -1, -1, -1),
('HS185', 'Lop10', 'CongNghe9', -1, -1, -1, -1, -1, -1, -1, -1, -1, -1, -1),
('HS185', 'Lop10', 'DiaLy9', -1, -1, -1, -1, -1, -1, -1, -1, -1, -1, -1),
('HS185', 'Lop10', 'HoaHoc9', -1, -1, -1, -1, -1, -1, -1, -1, -1, -1, -1),
('HS185', 'Lop10', 'LichSu9', -1, -1, -1, -1, -1, -1, -1, -1, -1, -1, -1),
('HS185', 'Lop10', 'Nhac9', -1, -1, -1, -1, -1, -1, -1, -1, -1, -1, -1),
('HS185', 'Lop10', 'SinhHoc9', -1, -1, -1, -1, -1, -1, -1, -1, -1, -1, -1),
('HS185', 'Lop10', 'TheDuc9', -1, -1, -1, -1, -1, -1, -1, -1, -1, -1, -1),
('HS185', 'Lop10', 'Tin9', -1, -1, -1, -1, -1, -1, -1, -1, -1, -1, -1),
('HS185', 'Lop10', 'Toan9', -1, -1, -1, -1, -1, -1, -1, -1, -1, -1, -1),
('HS185', 'Lop10', 'Van9', -1, -1, -1, -1, -1, -1, -1, -1, -1, -1, -1),
('HS186', 'Lop10', 'Anh9', -1, -1, -1, -1, -1, -1, -1, -1, -1, -1, -1),
('HS186', 'Lop10', 'CongDan9', -1, -1, -1, -1, -1, -1, -1, -1, -1, -1, -1),
('HS186', 'Lop10', 'CongNghe9', -1, -1, -1, -1, -1, -1, -1, -1, -1, -1, -1),
('HS186', 'Lop10', 'DiaLy9', -1, -1, -1, -1, -1, -1, -1, -1, -1, -1, -1),
('HS186', 'Lop10', 'HoaHoc9', -1, -1, -1, -1, -1, -1, -1, -1, -1, -1, -1),
('HS186', 'Lop10', 'LichSu9', -1, -1, -1, -1, -1, -1, -1, -1, -1, -1, -1),
('HS186', 'Lop10', 'Nhac9', -1, -1, -1, -1, -1, -1, -1, -1, -1, -1, -1),
('HS186', 'Lop10', 'SinhHoc9', -1, -1, -1, -1, -1, -1, -1, -1, -1, -1, -1),
('HS186', 'Lop10', 'TheDuc9', -1, -1, -1, -1, -1, -1, -1, -1, -1, -1, -1),
('HS186', 'Lop10', 'Tin9', -1, -1, -1, -1, -1, -1, -1, -1, -1, -1, -1),
('HS186', 'Lop10', 'Toan9', -1, -1, -1, -1, -1, -1, -1, -1, -1, -1, -1),
('HS186', 'Lop10', 'Van9', -1, -1, -1, -1, -1, -1, -1, -1, -1, -1, -1),
('HS187', 'Lop10', 'Anh9', -1, -1, -1, -1, -1, -1, -1, -1, -1, -1, -1),
('HS187', 'Lop10', 'CongDan9', -1, -1, -1, -1, -1, -1, -1, -1, -1, -1, -1),
('HS187', 'Lop10', 'CongNghe9', -1, -1, -1, -1, -1, -1, -1, -1, -1, -1, -1),
('HS187', 'Lop10', 'DiaLy9', -1, -1, -1, -1, -1, -1, -1, -1, -1, -1, -1),
('HS187', 'Lop10', 'HoaHoc9', -1, -1, -1, -1, -1, -1, -1, -1, -1, -1, -1),
('HS187', 'Lop10', 'LichSu9', -1, -1, -1, -1, -1, -1, -1, -1, -1, -1, -1),
('HS187', 'Lop10', 'Nhac9', -1, -1, -1, -1, -1, -1, -1, -1, -1, -1, -1),
('HS187', 'Lop10', 'SinhHoc9', -1, -1, -1, -1, -1, -1, -1, -1, -1, -1, -1),
('HS187', 'Lop10', 'TheDuc9', -1, -1, -1, -1, -1, -1, -1, -1, -1, -1, -1),
('HS187', 'Lop10', 'Tin9', -1, -1, -1, -1, -1, -1, -1, -1, -1, -1, -1),
('HS187', 'Lop10', 'Toan9', -1, -1, -1, -1, -1, -1, -1, -1, -1, -1, -1),
('HS187', 'Lop10', 'Van9', -1, -1, -1, -1, -1, -1, -1, -1, -1, -1, -1),
('HS188', 'Lop10', 'Anh9', -1, -1, -1, -1, -1, -1, -1, -1, -1, -1, -1),
('HS188', 'Lop10', 'CongDan9', -1, -1, -1, -1, -1, -1, -1, -1, -1, -1, -1),
('HS188', 'Lop10', 'CongNghe9', -1, -1, -1, -1, -1, -1, -1, -1, -1, -1, -1),
('HS188', 'Lop10', 'DiaLy9', -1, -1, -1, -1, -1, -1, -1, -1, -1, -1, -1),
('HS188', 'Lop10', 'HoaHoc9', -1, -1, -1, -1, -1, -1, -1, -1, -1, -1, -1),
('HS188', 'Lop10', 'LichSu9', -1, -1, -1, -1, -1, -1, -1, -1, -1, -1, -1),
('HS188', 'Lop10', 'Nhac9', -1, -1, -1, -1, -1, -1, -1, -1, -1, -1, -1),
('HS188', 'Lop10', 'SinhHoc9', -1, -1, -1, -1, -1, -1, -1, -1, -1, -1, -1),
('HS188', 'Lop10', 'TheDuc9', -1, -1, -1, -1, -1, -1, -1, -1, -1, -1, -1),
('HS188', 'Lop10', 'Tin9', -1, -1, -1, -1, -1, -1, -1, -1, -1, -1, -1),
('HS188', 'Lop10', 'Toan9', -1, -1, -1, -1, -1, -1, -1, -1, -1, -1, -1),
('HS188', 'Lop10', 'Van9', -1, -1, -1, -1, -1, -1, -1, -1, -1, -1, -1),
('HS189', 'Lop10', 'Anh9', -1, -1, -1, -1, -1, -1, -1, -1, -1, -1, -1),
('HS189', 'Lop10', 'CongDan9', -1, -1, -1, -1, -1, -1, -1, -1, -1, -1, -1),
('HS189', 'Lop10', 'CongNghe9', -1, -1, -1, -1, -1, -1, -1, -1, -1, -1, -1),
('HS189', 'Lop10', 'DiaLy9', -1, -1, -1, -1, -1, -1, -1, -1, -1, -1, -1),
('HS189', 'Lop10', 'HoaHoc9', -1, -1, -1, -1, -1, -1, -1, -1, -1, -1, -1),
('HS189', 'Lop10', 'LichSu9', -1, -1, -1, -1, -1, -1, -1, -1, -1, -1, -1),
('HS189', 'Lop10', 'Nhac9', -1, -1, -1, -1, -1, -1, -1, -1, -1, -1, -1),
('HS189', 'Lop10', 'SinhHoc9', -1, -1, -1, -1, -1, -1, -1, -1, -1, -1, -1),
('HS189', 'Lop10', 'TheDuc9', -1, -1, -1, -1, -1, -1, -1, -1, -1, -1, -1),
('HS189', 'Lop10', 'Tin9', -1, -1, -1, -1, -1, -1, -1, -1, -1, -1, -1),
('HS189', 'Lop10', 'Toan9', -1, -1, -1, -1, -1, -1, -1, -1, -1, -1, -1),
('HS189', 'Lop10', 'Van9', -1, -1, -1, -1, -1, -1, -1, -1, -1, -1, -1),
('HS19', 'Lop01', 'Anh6', -1, -1, -1, -1, -1, -1, -1, -1, -1, -1, -1),
('HS19', 'Lop01', 'CongDan6', -1, -1, -1, -1, -1, -1, -1, -1, -1, -1, -1),
('HS19', 'Lop01', 'CongNghe6', -1, -1, -1, -1, -1, -1, -1, -1, -1, -1, -1),
('HS19', 'Lop01', 'DiaLy6', -1, -1, -1, -1, -1, -1, -1, -1, -1, -1, -1),
('HS19', 'Lop01', 'LichSu6', -1, -1, -1, -1, -1, -1, -1, -1, -1, -1, -1),
('HS19', 'Lop01', 'Nhac6', -1, -1, -1, -1, -1, -1, -1, -1, -1, -1, -1),
('HS19', 'Lop01', 'TheDuc6', -1, -1, -1, -1, -1, -1, -1, -1, -1, -1, -1),
('HS19', 'Lop01', 'Tin6', -1, -1, -1, -1, -1, -1, -1, -1, -1, -1, -1),
('HS19', 'Lop01', 'Toan6', -1, -1, -1, -1, -1, -1, -1, -1, -1, -1, -1),
('HS19', 'Lop01', 'Van6', -1, -1, -1, -1, -1, -1, -1, -1, -1, -1, -1),
('HS190', 'Lop10', 'Anh9', -1, -1, -1, -1, -1, -1, -1, -1, -1, -1, -1),
('HS190', 'Lop10', 'CongDan9', -1, -1, -1, -1, -1, -1, -1, -1, -1, -1, -1),
('HS190', 'Lop10', 'CongNghe9', -1, -1, -1, -1, -1, -1, -1, -1, -1, -1, -1),
('HS190', 'Lop10', 'DiaLy9', -1, -1, -1, -1, -1, -1, -1, -1, -1, -1, -1),
('HS190', 'Lop10', 'HoaHoc9', -1, -1, -1, -1, -1, -1, -1, -1, -1, -1, -1),
('HS190', 'Lop10', 'LichSu9', -1, -1, -1, -1, -1, -1, -1, -1, -1, -1, -1),
('HS190', 'Lop10', 'Nhac9', -1, -1, -1, -1, -1, -1, -1, -1, -1, -1, -1),
('HS190', 'Lop10', 'SinhHoc9', -1, -1, -1, -1, -1, -1, -1, -1, -1, -1, -1),
('HS190', 'Lop10', 'TheDuc9', -1, -1, -1, -1, -1, -1, -1, -1, -1, -1, -1),
('HS190', 'Lop10', 'Tin9', -1, -1, -1, -1, -1, -1, -1, -1, -1, -1, -1),
('HS190', 'Lop10', 'Toan9', -1, -1, -1, -1, -1, -1, -1, -1, -1, -1, -1),
('HS190', 'Lop10', 'Van9', -1, -1, -1, -1, -1, -1, -1, -1, -1, -1, -1),
('HS191', 'Lop10', 'Anh9', -1, -1, -1, -1, -1, -1, -1, -1, -1, -1, -1),
('HS191', 'Lop10', 'CongDan9', -1, -1, -1, -1, -1, -1, -1, -1, -1, -1, -1),
('HS191', 'Lop10', 'CongNghe9', -1, -1, -1, -1, -1, -1, -1, -1, -1, -1, -1),
('HS191', 'Lop10', 'DiaLy9', -1, -1, -1, -1, -1, -1, -1, -1, -1, -1, -1),
('HS191', 'Lop10', 'HoaHoc9', -1, -1, -1, -1, -1, -1, -1, -1, -1, -1, -1),
('HS191', 'Lop10', 'LichSu9', -1, -1, -1, -1, -1, -1, -1, -1, -1, -1, -1),
('HS191', 'Lop10', 'Nhac9', -1, -1, -1, -1, -1, -1, -1, -1, -1, -1, -1),
('HS191', 'Lop10', 'SinhHoc9', -1, -1, -1, -1, -1, -1, -1, -1, -1, -1, -1),
('HS191', 'Lop10', 'TheDuc9', -1, -1, -1, -1, -1, -1, -1, -1, -1, -1, -1),
('HS191', 'Lop10', 'Tin9', -1, -1, -1, -1, -1, -1, -1, -1, -1, -1, -1),
('HS191', 'Lop10', 'Toan9', -1, -1, -1, -1, -1, -1, -1, -1, -1, -1, -1),
('HS191', 'Lop10', 'Van9', -1, -1, -1, -1, -1, -1, -1, -1, -1, -1, -1),
('HS192', 'Lop10', 'Anh9', -1, -1, -1, -1, -1, -1, -1, -1, -1, -1, -1),
('HS192', 'Lop10', 'CongDan9', -1, -1, -1, -1, -1, -1, -1, -1, -1, -1, -1),
('HS192', 'Lop10', 'CongNghe9', -1, -1, -1, -1, -1, -1, -1, -1, -1, -1, -1),
('HS192', 'Lop10', 'DiaLy9', -1, -1, -1, -1, -1, -1, -1, -1, -1, -1, -1),
('HS192', 'Lop10', 'HoaHoc9', -1, -1, -1, -1, -1, -1, -1, -1, -1, -1, -1),
('HS192', 'Lop10', 'LichSu9', -1, -1, -1, -1, -1, -1, -1, -1, -1, -1, -1),
('HS192', 'Lop10', 'Nhac9', -1, -1, -1, -1, -1, -1, -1, -1, -1, -1, -1),
('HS192', 'Lop10', 'SinhHoc9', -1, -1, -1, -1, -1, -1, -1, -1, -1, -1, -1),
('HS192', 'Lop10', 'TheDuc9', -1, -1, -1, -1, -1, -1, -1, -1, -1, -1, -1),
('HS192', 'Lop10', 'Tin9', -1, -1, -1, -1, -1, -1, -1, -1, -1, -1, -1),
('HS192', 'Lop10', 'Toan9', -1, -1, -1, -1, -1, -1, -1, -1, -1, -1, -1),
('HS192', 'Lop10', 'Van9', -1, -1, -1, -1, -1, -1, -1, -1, -1, -1, -1),
('HS193', 'Lop10', 'Anh9', -1, -1, -1, -1, -1, -1, -1, -1, -1, -1, -1),
('HS193', 'Lop10', 'CongDan9', -1, -1, -1, -1, -1, -1, -1, -1, -1, -1, -1),
('HS193', 'Lop10', 'CongNghe9', -1, -1, -1, -1, -1, -1, -1, -1, -1, -1, -1),
('HS193', 'Lop10', 'DiaLy9', -1, -1, -1, -1, -1, -1, -1, -1, -1, -1, -1),
('HS193', 'Lop10', 'HoaHoc9', -1, -1, -1, -1, -1, -1, -1, -1, -1, -1, -1),
('HS193', 'Lop10', 'LichSu9', -1, -1, -1, -1, -1, -1, -1, -1, -1, -1, -1),
('HS193', 'Lop10', 'Nhac9', -1, -1, -1, -1, -1, -1, -1, -1, -1, -1, -1),
('HS193', 'Lop10', 'SinhHoc9', -1, -1, -1, -1, -1, -1, -1, -1, -1, -1, -1),
('HS193', 'Lop10', 'TheDuc9', -1, -1, -1, -1, -1, -1, -1, -1, -1, -1, -1),
('HS193', 'Lop10', 'Tin9', -1, -1, -1, -1, -1, -1, -1, -1, -1, -1, -1),
('HS193', 'Lop10', 'Toan9', -1, -1, -1, -1, -1, -1, -1, -1, -1, -1, -1),
('HS193', 'Lop10', 'Van9', -1, -1, -1, -1, -1, -1, -1, -1, -1, -1, -1),
('HS194', 'Lop10', 'Anh9', -1, -1, -1, -1, -1, -1, -1, -1, -1, -1, -1),
('HS194', 'Lop10', 'CongDan9', -1, -1, -1, -1, -1, -1, -1, -1, -1, -1, -1),
('HS194', 'Lop10', 'CongNghe9', -1, -1, -1, -1, -1, -1, -1, -1, -1, -1, -1),
('HS194', 'Lop10', 'DiaLy9', -1, -1, -1, -1, -1, -1, -1, -1, -1, -1, -1),
('HS194', 'Lop10', 'HoaHoc9', -1, -1, -1, -1, -1, -1, -1, -1, -1, -1, -1),
('HS194', 'Lop10', 'LichSu9', -1, -1, -1, -1, -1, -1, -1, -1, -1, -1, -1),
('HS194', 'Lop10', 'Nhac9', -1, -1, -1, -1, -1, -1, -1, -1, -1, -1, -1),
('HS194', 'Lop10', 'SinhHoc9', -1, -1, -1, -1, -1, -1, -1, -1, -1, -1, -1),
('HS194', 'Lop10', 'TheDuc9', -1, -1, -1, -1, -1, -1, -1, -1, -1, -1, -1),
('HS194', 'Lop10', 'Tin9', -1, -1, -1, -1, -1, -1, -1, -1, -1, -1, -1),
('HS194', 'Lop10', 'Toan9', -1, -1, -1, -1, -1, -1, -1, -1, -1, -1, -1),
('HS194', 'Lop10', 'Van9', -1, -1, -1, -1, -1, -1, -1, -1, -1, -1, -1),
('HS195', 'Lop10', 'Anh9', -1, -1, -1, -1, -1, -1, -1, -1, -1, -1, -1),
('HS195', 'Lop10', 'CongDan9', -1, -1, -1, -1, -1, -1, -1, -1, -1, -1, -1),
('HS195', 'Lop10', 'CongNghe9', -1, -1, -1, -1, -1, -1, -1, -1, -1, -1, -1),
('HS195', 'Lop10', 'DiaLy9', -1, -1, -1, -1, -1, -1, -1, -1, -1, -1, -1),
('HS195', 'Lop10', 'HoaHoc9', -1, -1, -1, -1, -1, -1, -1, -1, -1, -1, -1),
('HS195', 'Lop10', 'LichSu9', -1, -1, -1, -1, -1, -1, -1, -1, -1, -1, -1),
('HS195', 'Lop10', 'Nhac9', -1, -1, -1, -1, -1, -1, -1, -1, -1, -1, -1),
('HS195', 'Lop10', 'SinhHoc9', -1, -1, -1, -1, -1, -1, -1, -1, -1, -1, -1),
('HS195', 'Lop10', 'TheDuc9', -1, -1, -1, -1, -1, -1, -1, -1, -1, -1, -1),
('HS195', 'Lop10', 'Tin9', -1, -1, -1, -1, -1, -1, -1, -1, -1, -1, -1),
('HS195', 'Lop10', 'Toan9', -1, -1, -1, -1, -1, -1, -1, -1, -1, -1, -1),
('HS195', 'Lop10', 'Van9', -1, -1, -1, -1, -1, -1, -1, -1, -1, -1, -1),
('HS196', 'Lop10', 'Anh9', -1, -1, -1, -1, -1, -1, -1, -1, -1, -1, -1),
('HS196', 'Lop10', 'CongDan9', -1, -1, -1, -1, -1, -1, -1, -1, -1, -1, -1),
('HS196', 'Lop10', 'CongNghe9', -1, -1, -1, -1, -1, -1, -1, -1, -1, -1, -1),
('HS196', 'Lop10', 'DiaLy9', -1, -1, -1, -1, -1, -1, -1, -1, -1, -1, -1),
('HS196', 'Lop10', 'HoaHoc9', -1, -1, -1, -1, -1, -1, -1, -1, -1, -1, -1),
('HS196', 'Lop10', 'LichSu9', -1, -1, -1, -1, -1, -1, -1, -1, -1, -1, -1),
('HS196', 'Lop10', 'Nhac9', -1, -1, -1, -1, -1, -1, -1, -1, -1, -1, -1),
('HS196', 'Lop10', 'SinhHoc9', -1, -1, -1, -1, -1, -1, -1, -1, -1, -1, -1),
('HS196', 'Lop10', 'TheDuc9', -1, -1, -1, -1, -1, -1, -1, -1, -1, -1, -1),
('HS196', 'Lop10', 'Tin9', -1, -1, -1, -1, -1, -1, -1, -1, -1, -1, -1),
('HS196', 'Lop10', 'Toan9', -1, -1, -1, -1, -1, -1, -1, -1, -1, -1, -1),
('HS196', 'Lop10', 'Van9', -1, -1, -1, -1, -1, -1, -1, -1, -1, -1, -1),
('HS197', 'Lop10', 'Anh9', -1, -1, -1, -1, -1, -1, -1, -1, -1, -1, -1),
('HS197', 'Lop10', 'CongDan9', -1, -1, -1, -1, -1, -1, -1, -1, -1, -1, -1),
('HS197', 'Lop10', 'CongNghe9', -1, -1, -1, -1, -1, -1, -1, -1, -1, -1, -1),
('HS197', 'Lop10', 'DiaLy9', -1, -1, -1, -1, -1, -1, -1, -1, -1, -1, -1),
('HS197', 'Lop10', 'HoaHoc9', -1, -1, -1, -1, -1, -1, -1, -1, -1, -1, -1),
('HS197', 'Lop10', 'LichSu9', -1, -1, -1, -1, -1, -1, -1, -1, -1, -1, -1),
('HS197', 'Lop10', 'Nhac9', -1, -1, -1, -1, -1, -1, -1, -1, -1, -1, -1),
('HS197', 'Lop10', 'SinhHoc9', -1, -1, -1, -1, -1, -1, -1, -1, -1, -1, -1),
('HS197', 'Lop10', 'TheDuc9', -1, -1, -1, -1, -1, -1, -1, -1, -1, -1, -1),
('HS197', 'Lop10', 'Tin9', -1, -1, -1, -1, -1, -1, -1, -1, -1, -1, -1),
('HS197', 'Lop10', 'Toan9', -1, -1, -1, -1, -1, -1, -1, -1, -1, -1, -1),
('HS197', 'Lop10', 'Van9', -1, -1, -1, -1, -1, -1, -1, -1, -1, -1, -1),
('HS198', 'Lop10', 'Anh9', -1, -1, -1, -1, -1, -1, -1, -1, -1, -1, -1),
('HS198', 'Lop10', 'CongDan9', -1, -1, -1, -1, -1, -1, -1, -1, -1, -1, -1),
('HS198', 'Lop10', 'CongNghe9', -1, -1, -1, -1, -1, -1, -1, -1, -1, -1, -1),
('HS198', 'Lop10', 'DiaLy9', -1, -1, -1, -1, -1, -1, -1, -1, -1, -1, -1),
('HS198', 'Lop10', 'HoaHoc9', -1, -1, -1, -1, -1, -1, -1, -1, -1, -1, -1),
('HS198', 'Lop10', 'LichSu9', -1, -1, -1, -1, -1, -1, -1, -1, -1, -1, -1),
('HS198', 'Lop10', 'Nhac9', -1, -1, -1, -1, -1, -1, -1, -1, -1, -1, -1),
('HS198', 'Lop10', 'SinhHoc9', -1, -1, -1, -1, -1, -1, -1, -1, -1, -1, -1),
('HS198', 'Lop10', 'TheDuc9', -1, -1, -1, -1, -1, -1, -1, -1, -1, -1, -1),
('HS198', 'Lop10', 'Tin9', -1, -1, -1, -1, -1, -1, -1, -1, -1, -1, -1),
('HS198', 'Lop10', 'Toan9', -1, -1, -1, -1, -1, -1, -1, -1, -1, -1, -1),
('HS198', 'Lop10', 'Van9', -1, -1, -1, -1, -1, -1, -1, -1, -1, -1, -1),
('HS199', 'Lop10', 'Anh9', -1, -1, -1, -1, -1, -1, -1, -1, -1, -1, -1),
('HS199', 'Lop10', 'CongDan9', -1, -1, -1, -1, -1, -1, -1, -1, -1, -1, -1),
('HS199', 'Lop10', 'CongNghe9', -1, -1, -1, -1, -1, -1, -1, -1, -1, -1, -1),
('HS199', 'Lop10', 'DiaLy9', -1, -1, -1, -1, -1, -1, -1, -1, -1, -1, -1),
('HS199', 'Lop10', 'HoaHoc9', -1, -1, -1, -1, -1, -1, -1, -1, -1, -1, -1),
('HS199', 'Lop10', 'LichSu9', -1, -1, -1, -1, -1, -1, -1, -1, -1, -1, -1),
('HS199', 'Lop10', 'Nhac9', -1, -1, -1, -1, -1, -1, -1, -1, -1, -1, -1),
('HS199', 'Lop10', 'SinhHoc9', -1, -1, -1, -1, -1, -1, -1, -1, -1, -1, -1),
('HS199', 'Lop10', 'TheDuc9', -1, -1, -1, -1, -1, -1, -1, -1, -1, -1, -1),
('HS199', 'Lop10', 'Tin9', -1, -1, -1, -1, -1, -1, -1, -1, -1, -1, -1),
('HS199', 'Lop10', 'Toan9', -1, -1, -1, -1, -1, -1, -1, -1, -1, -1, -1),
('HS199', 'Lop10', 'Van9', -1, -1, -1, -1, -1, -1, -1, -1, -1, -1, -1),
('HS2', 'Lop01', 'Anh6', -1, -1, -1, -1, -1, -1, -1, -1, -1, -1, -1),
('HS2', 'Lop01', 'CongDan6', -1, -1, -1, -1, -1, -1, -1, -1, -1, -1, -1),
('HS2', 'Lop01', 'CongNghe6', -1, -1, -1, -1, -1, -1, -1, -1, -1, -1, -1),
('HS2', 'Lop01', 'DiaLy6', -1, -1, -1, -1, -1, -1, -1, -1, -1, -1, -1),
('HS2', 'Lop01', 'LichSu6', -1, -1, -1, -1, -1, -1, -1, -1, -1, -1, -1),
('HS2', 'Lop01', 'Nhac6', -1, -1, -1, -1, -1, -1, -1, -1, -1, -1, -1),
('HS2', 'Lop01', 'TheDuc6', -1, -1, -1, -1, -1, -1, -1, -1, -1, -1, -1),
('HS2', 'Lop01', 'Tin6', -1, -1, -1, -1, -1, -1, -1, -1, -1, -1, -1),
('HS2', 'Lop01', 'Toan6', -1, -1, -1, -1, -1, -1, -1, -1, -1, -1, -1),
('HS2', 'Lop01', 'Van6', -1, -1, -1, -1, -1, -1, -1, -1, -1, -1, -1),
('HS20', 'Lop01', 'Anh6', -1, -1, -1, -1, -1, -1, -1, -1, -1, -1, -1),
('HS20', 'Lop01', 'CongDan6', -1, -1, -1, -1, -1, -1, -1, -1, -1, -1, -1),
('HS20', 'Lop01', 'CongNghe6', -1, -1, -1, -1, -1, -1, -1, -1, -1, -1, -1),
('HS20', 'Lop01', 'DiaLy6', -1, -1, -1, -1, -1, -1, -1, -1, -1, -1, -1),
('HS20', 'Lop01', 'LichSu6', -1, -1, -1, -1, -1, -1, -1, -1, -1, -1, -1),
('HS20', 'Lop01', 'Nhac6', -1, -1, -1, -1, -1, -1, -1, -1, -1, -1, -1);
INSERT INTO `diem` (`MaHS`, `MaLop`, `MaMon`, `Diem15PhutHK1`, `Diem1TietHK1`, `DiemGiuaKyHK1`, `DiemCuoiKyHK1`, `DiemTbHK1`, `Diem15PhutHK2`, `Diem1TietHK2`, `DiemGiuaKyHK2`, `DiemCuoiKyHK2`, `DiemTbHK2`, `DiemTbMon`) VALUES
('HS20', 'Lop01', 'TheDuc6', -1, -1, -1, -1, -1, -1, -1, -1, -1, -1, -1),
('HS20', 'Lop01', 'Tin6', -1, -1, -1, -1, -1, -1, -1, -1, -1, -1, -1),
('HS20', 'Lop01', 'Toan6', -1, -1, -1, -1, -1, -1, -1, -1, -1, -1, -1),
('HS20', 'Lop01', 'Van6', -1, -1, -1, -1, -1, -1, -1, -1, -1, -1, -1),
('HS200', 'Lop10', 'Anh9', -1, -1, -1, -1, -1, -1, -1, -1, -1, -1, -1),
('HS200', 'Lop10', 'CongDan9', -1, -1, -1, -1, -1, -1, -1, -1, -1, -1, -1),
('HS200', 'Lop10', 'CongNghe9', -1, -1, -1, -1, -1, -1, -1, -1, -1, -1, -1),
('HS200', 'Lop10', 'DiaLy9', -1, -1, -1, -1, -1, -1, -1, -1, -1, -1, -1),
('HS200', 'Lop10', 'HoaHoc9', -1, -1, -1, -1, -1, -1, -1, -1, -1, -1, -1),
('HS200', 'Lop10', 'LichSu9', -1, -1, -1, -1, -1, -1, -1, -1, -1, -1, -1),
('HS200', 'Lop10', 'Nhac9', -1, -1, -1, -1, -1, -1, -1, -1, -1, -1, -1),
('HS200', 'Lop10', 'SinhHoc9', -1, -1, -1, -1, -1, -1, -1, -1, -1, -1, -1),
('HS200', 'Lop10', 'TheDuc9', -1, -1, -1, -1, -1, -1, -1, -1, -1, -1, -1),
('HS200', 'Lop10', 'Tin9', -1, -1, -1, -1, -1, -1, -1, -1, -1, -1, -1),
('HS200', 'Lop10', 'Toan9', -1, -1, -1, -1, -1, -1, -1, -1, -1, -1, -1),
('HS200', 'Lop10', 'Van9', -1, -1, -1, -1, -1, -1, -1, -1, -1, -1, -1),
('HS21', 'Lop01', 'Anh6', -1, -1, -1, -1, -1, -1, -1, -1, -1, -1, -1),
('HS21', 'Lop01', 'CongDan6', -1, -1, -1, -1, -1, -1, -1, -1, -1, -1, -1),
('HS21', 'Lop01', 'CongNghe6', -1, -1, -1, -1, -1, -1, -1, -1, -1, -1, -1),
('HS21', 'Lop01', 'DiaLy6', -1, -1, -1, -1, -1, -1, -1, -1, -1, -1, -1),
('HS21', 'Lop01', 'LichSu6', -1, -1, -1, -1, -1, -1, -1, -1, -1, -1, -1),
('HS21', 'Lop01', 'Nhac6', -1, -1, -1, -1, -1, -1, -1, -1, -1, -1, -1),
('HS21', 'Lop01', 'TheDuc6', -1, -1, -1, -1, -1, -1, -1, -1, -1, -1, -1),
('HS21', 'Lop01', 'Tin6', -1, -1, -1, -1, -1, -1, -1, -1, -1, -1, -1),
('HS21', 'Lop01', 'Toan6', -1, -1, -1, -1, -1, -1, -1, -1, -1, -1, -1),
('HS21', 'Lop01', 'Van6', -1, -1, -1, -1, -1, -1, -1, -1, -1, -1, -1),
('HS22', 'Lop01', 'Anh6', -1, -1, -1, -1, -1, -1, -1, -1, -1, -1, -1),
('HS22', 'Lop01', 'CongDan6', -1, -1, -1, -1, -1, -1, -1, -1, -1, -1, -1),
('HS22', 'Lop01', 'CongNghe6', -1, -1, -1, -1, -1, -1, -1, -1, -1, -1, -1),
('HS22', 'Lop01', 'DiaLy6', -1, -1, -1, -1, -1, -1, -1, -1, -1, -1, -1),
('HS22', 'Lop01', 'LichSu6', -1, -1, -1, -1, -1, -1, -1, -1, -1, -1, -1),
('HS22', 'Lop01', 'Nhac6', -1, -1, -1, -1, -1, -1, -1, -1, -1, -1, -1),
('HS22', 'Lop01', 'TheDuc6', -1, -1, -1, -1, -1, -1, -1, -1, -1, -1, -1),
('HS22', 'Lop01', 'Tin6', -1, -1, -1, -1, -1, -1, -1, -1, -1, -1, -1),
('HS22', 'Lop01', 'Toan6', -1, -1, -1, -1, -1, -1, -1, -1, -1, -1, -1),
('HS22', 'Lop01', 'Van6', -1, -1, -1, -1, -1, -1, -1, -1, -1, -1, -1),
('HS23', 'Lop01', 'Anh6', -1, -1, -1, -1, -1, -1, -1, -1, -1, -1, -1),
('HS23', 'Lop01', 'CongDan6', -1, -1, -1, -1, -1, -1, -1, -1, -1, -1, -1),
('HS23', 'Lop01', 'CongNghe6', -1, -1, -1, -1, -1, -1, -1, -1, -1, -1, -1),
('HS23', 'Lop01', 'DiaLy6', -1, -1, -1, -1, -1, -1, -1, -1, -1, -1, -1),
('HS23', 'Lop01', 'LichSu6', -1, -1, -1, -1, -1, -1, -1, -1, -1, -1, -1),
('HS23', 'Lop01', 'Nhac6', -1, -1, -1, -1, -1, -1, -1, -1, -1, -1, -1),
('HS23', 'Lop01', 'TheDuc6', -1, -1, -1, -1, -1, -1, -1, -1, -1, -1, -1),
('HS23', 'Lop01', 'Tin6', -1, -1, -1, -1, -1, -1, -1, -1, -1, -1, -1),
('HS23', 'Lop01', 'Toan6', -1, -1, -1, -1, -1, -1, -1, -1, -1, -1, -1),
('HS23', 'Lop01', 'Van6', -1, -1, -1, -1, -1, -1, -1, -1, -1, -1, -1),
('HS24', 'Lop01', 'Anh6', -1, -1, -1, -1, -1, -1, -1, -1, -1, -1, -1),
('HS24', 'Lop01', 'CongDan6', -1, -1, -1, -1, -1, -1, -1, -1, -1, -1, -1),
('HS24', 'Lop01', 'CongNghe6', -1, -1, -1, -1, -1, -1, -1, -1, -1, -1, -1),
('HS24', 'Lop01', 'DiaLy6', -1, -1, -1, -1, -1, -1, -1, -1, -1, -1, -1),
('HS24', 'Lop01', 'LichSu6', -1, -1, -1, -1, -1, -1, -1, -1, -1, -1, -1),
('HS24', 'Lop01', 'Nhac6', -1, -1, -1, -1, -1, -1, -1, -1, -1, -1, -1),
('HS24', 'Lop01', 'TheDuc6', -1, -1, -1, -1, -1, -1, -1, -1, -1, -1, -1),
('HS24', 'Lop01', 'Tin6', -1, -1, -1, -1, -1, -1, -1, -1, -1, -1, -1),
('HS24', 'Lop01', 'Toan6', -1, -1, -1, -1, -1, -1, -1, -1, -1, -1, -1),
('HS24', 'Lop01', 'Van6', -1, -1, -1, -1, -1, -1, -1, -1, -1, -1, -1),
('HS25', 'Lop01', 'Anh6', -1, -1, -1, -1, -1, -1, -1, -1, -1, -1, -1),
('HS25', 'Lop01', 'CongDan6', -1, -1, -1, -1, -1, -1, -1, -1, -1, -1, -1),
('HS25', 'Lop01', 'CongNghe6', -1, -1, -1, -1, -1, -1, -1, -1, -1, -1, -1),
('HS25', 'Lop01', 'DiaLy6', -1, -1, -1, -1, -1, -1, -1, -1, -1, -1, -1),
('HS25', 'Lop01', 'LichSu6', -1, -1, -1, -1, -1, -1, -1, -1, -1, -1, -1),
('HS25', 'Lop01', 'Nhac6', -1, -1, -1, -1, -1, -1, -1, -1, -1, -1, -1),
('HS25', 'Lop01', 'TheDuc6', -1, -1, -1, -1, -1, -1, -1, -1, -1, -1, -1),
('HS25', 'Lop01', 'Tin6', -1, -1, -1, -1, -1, -1, -1, -1, -1, -1, -1),
('HS25', 'Lop01', 'Toan6', -1, -1, -1, -1, -1, -1, -1, -1, -1, -1, -1),
('HS25', 'Lop01', 'Van6', -1, -1, -1, -1, -1, -1, -1, -1, -1, -1, -1),
('HS26', 'Lop01', 'Anh6', -1, -1, -1, -1, -1, -1, -1, -1, -1, -1, -1),
('HS26', 'Lop01', 'CongDan6', -1, -1, -1, -1, -1, -1, -1, -1, -1, -1, -1),
('HS26', 'Lop01', 'CongNghe6', -1, -1, -1, -1, -1, -1, -1, -1, -1, -1, -1),
('HS26', 'Lop01', 'DiaLy6', -1, -1, -1, -1, -1, -1, -1, -1, -1, -1, -1),
('HS26', 'Lop01', 'LichSu6', -1, -1, -1, -1, -1, -1, -1, -1, -1, -1, -1),
('HS26', 'Lop01', 'Nhac6', -1, -1, -1, -1, -1, -1, -1, -1, -1, -1, -1),
('HS26', 'Lop01', 'TheDuc6', -1, -1, -1, -1, -1, -1, -1, -1, -1, -1, -1),
('HS26', 'Lop01', 'Tin6', -1, -1, -1, -1, -1, -1, -1, -1, -1, -1, -1),
('HS26', 'Lop01', 'Toan6', -1, -1, -1, -1, -1, -1, -1, -1, -1, -1, -1),
('HS26', 'Lop01', 'Van6', -1, -1, -1, -1, -1, -1, -1, -1, -1, -1, -1),
('HS27', 'Lop01', 'Anh6', -1, -1, -1, -1, -1, -1, -1, -1, -1, -1, -1),
('HS27', 'Lop01', 'CongDan6', -1, -1, -1, -1, -1, -1, -1, -1, -1, -1, -1),
('HS27', 'Lop01', 'CongNghe6', -1, -1, -1, -1, -1, -1, -1, -1, -1, -1, -1),
('HS27', 'Lop01', 'DiaLy6', -1, -1, -1, -1, -1, -1, -1, -1, -1, -1, -1),
('HS27', 'Lop01', 'LichSu6', -1, -1, -1, -1, -1, -1, -1, -1, -1, -1, -1),
('HS27', 'Lop01', 'Nhac6', -1, -1, -1, -1, -1, -1, -1, -1, -1, -1, -1),
('HS27', 'Lop01', 'TheDuc6', -1, -1, -1, -1, -1, -1, -1, -1, -1, -1, -1),
('HS27', 'Lop01', 'Tin6', -1, -1, -1, -1, -1, -1, -1, -1, -1, -1, -1),
('HS27', 'Lop01', 'Toan6', -1, -1, -1, -1, -1, -1, -1, -1, -1, -1, -1),
('HS27', 'Lop01', 'Van6', -1, -1, -1, -1, -1, -1, -1, -1, -1, -1, -1),
('HS28', 'Lop02', 'Anh6', -1, -1, -1, -1, -1, -1, -1, -1, -1, -1, -1),
('HS28', 'Lop02', 'CongDan6', -1, -1, -1, -1, -1, -1, -1, -1, -1, -1, -1),
('HS28', 'Lop02', 'CongNghe6', -1, -1, -1, -1, -1, -1, -1, -1, -1, -1, -1),
('HS28', 'Lop02', 'DiaLy6', -1, -1, -1, -1, -1, -1, -1, -1, -1, -1, -1),
('HS28', 'Lop02', 'LichSu6', -1, -1, -1, -1, -1, -1, -1, -1, -1, -1, -1),
('HS28', 'Lop02', 'Nhac6', -1, -1, -1, -1, -1, -1, -1, -1, -1, -1, -1),
('HS28', 'Lop02', 'TheDuc6', -1, -1, -1, -1, -1, -1, -1, -1, -1, -1, -1),
('HS28', 'Lop02', 'Tin6', -1, -1, -1, -1, -1, -1, -1, -1, -1, -1, -1),
('HS28', 'Lop02', 'Toan6', -1, -1, -1, -1, -1, -1, -1, -1, -1, -1, -1),
('HS28', 'Lop02', 'Van6', -1, -1, -1, -1, -1, -1, -1, -1, -1, -1, -1),
('HS29', 'Lop02', 'Anh6', -1, -1, -1, -1, -1, -1, -1, -1, -1, -1, -1),
('HS29', 'Lop02', 'CongDan6', -1, -1, -1, -1, -1, -1, -1, -1, -1, -1, -1),
('HS29', 'Lop02', 'CongNghe6', -1, -1, -1, -1, -1, -1, -1, -1, -1, -1, -1),
('HS29', 'Lop02', 'DiaLy6', -1, -1, -1, -1, -1, -1, -1, -1, -1, -1, -1),
('HS29', 'Lop02', 'LichSu6', -1, -1, -1, -1, -1, -1, -1, -1, -1, -1, -1),
('HS29', 'Lop02', 'Nhac6', -1, -1, -1, -1, -1, -1, -1, -1, -1, -1, -1),
('HS29', 'Lop02', 'TheDuc6', -1, -1, -1, -1, -1, -1, -1, -1, -1, -1, -1),
('HS29', 'Lop02', 'Tin6', -1, -1, -1, -1, -1, -1, -1, -1, -1, -1, -1),
('HS29', 'Lop02', 'Toan6', -1, -1, -1, -1, -1, -1, -1, -1, -1, -1, -1),
('HS29', 'Lop02', 'Van6', -1, -1, -1, -1, -1, -1, -1, -1, -1, -1, -1),
('HS3', 'Lop02', 'Anh6', -1, -1, -1, -1, -1, -1, -1, -1, -1, -1, -1),
('HS3', 'Lop02', 'CongDan6', -1, -1, -1, -1, -1, -1, -1, -1, -1, -1, -1),
('HS3', 'Lop02', 'CongNghe6', -1, -1, -1, -1, -1, -1, -1, -1, -1, -1, -1),
('HS3', 'Lop02', 'DiaLy6', -1, -1, -1, -1, -1, -1, -1, -1, -1, -1, -1),
('HS3', 'Lop02', 'LichSu6', -1, -1, -1, -1, -1, -1, -1, -1, -1, -1, -1),
('HS3', 'Lop02', 'Nhac6', -1, -1, -1, -1, -1, -1, -1, -1, -1, -1, -1),
('HS3', 'Lop02', 'TheDuc6', -1, -1, -1, -1, -1, -1, -1, -1, -1, -1, -1),
('HS3', 'Lop02', 'Tin6', -1, -1, -1, -1, -1, -1, -1, -1, -1, -1, -1),
('HS3', 'Lop02', 'Toan6', -1, -1, -1, -1, -1, -1, -1, -1, -1, -1, -1),
('HS3', 'Lop02', 'Van6', -1, -1, -1, -1, -1, -1, -1, -1, -1, -1, -1),
('HS30', 'Lop02', 'Anh6', -1, -1, -1, -1, -1, -1, -1, -1, -1, -1, -1),
('HS30', 'Lop02', 'CongDan6', -1, -1, -1, -1, -1, -1, -1, -1, -1, -1, -1),
('HS30', 'Lop02', 'CongNghe6', -1, -1, -1, -1, -1, -1, -1, -1, -1, -1, -1),
('HS30', 'Lop02', 'DiaLy6', -1, -1, -1, -1, -1, -1, -1, -1, -1, -1, -1),
('HS30', 'Lop02', 'LichSu6', -1, -1, -1, -1, -1, -1, -1, -1, -1, -1, -1),
('HS30', 'Lop02', 'Nhac6', -1, -1, -1, -1, -1, -1, -1, -1, -1, -1, -1),
('HS30', 'Lop02', 'TheDuc6', -1, -1, -1, -1, -1, -1, -1, -1, -1, -1, -1),
('HS30', 'Lop02', 'Tin6', -1, -1, -1, -1, -1, -1, -1, -1, -1, -1, -1),
('HS30', 'Lop02', 'Toan6', -1, -1, -1, -1, -1, -1, -1, -1, -1, -1, -1),
('HS30', 'Lop02', 'Van6', -1, -1, -1, -1, -1, -1, -1, -1, -1, -1, -1),
('HS31', 'Lop02', 'Anh6', -1, -1, -1, -1, -1, -1, -1, -1, -1, -1, -1),
('HS31', 'Lop02', 'CongDan6', -1, -1, -1, -1, -1, -1, -1, -1, -1, -1, -1),
('HS31', 'Lop02', 'CongNghe6', -1, -1, -1, -1, -1, -1, -1, -1, -1, -1, -1),
('HS31', 'Lop02', 'DiaLy6', -1, -1, -1, -1, -1, -1, -1, -1, -1, -1, -1),
('HS31', 'Lop02', 'LichSu6', -1, -1, -1, -1, -1, -1, -1, -1, -1, -1, -1),
('HS31', 'Lop02', 'Nhac6', -1, -1, -1, -1, -1, -1, -1, -1, -1, -1, -1),
('HS31', 'Lop02', 'TheDuc6', -1, -1, -1, -1, -1, -1, -1, -1, -1, -1, -1),
('HS31', 'Lop02', 'Tin6', -1, -1, -1, -1, -1, -1, -1, -1, -1, -1, -1),
('HS31', 'Lop02', 'Toan6', -1, -1, -1, -1, -1, -1, -1, -1, -1, -1, -1),
('HS31', 'Lop02', 'Van6', -1, -1, -1, -1, -1, -1, -1, -1, -1, -1, -1),
('HS32', 'Lop02', 'Anh6', -1, -1, -1, -1, -1, -1, -1, -1, -1, -1, -1),
('HS32', 'Lop02', 'CongDan6', -1, -1, -1, -1, -1, -1, -1, -1, -1, -1, -1),
('HS32', 'Lop02', 'CongNghe6', -1, -1, -1, -1, -1, -1, -1, -1, -1, -1, -1),
('HS32', 'Lop02', 'DiaLy6', -1, -1, -1, -1, -1, -1, -1, -1, -1, -1, -1),
('HS32', 'Lop02', 'LichSu6', -1, -1, -1, -1, -1, -1, -1, -1, -1, -1, -1),
('HS32', 'Lop02', 'Nhac6', -1, -1, -1, -1, -1, -1, -1, -1, -1, -1, -1),
('HS32', 'Lop02', 'TheDuc6', -1, -1, -1, -1, -1, -1, -1, -1, -1, -1, -1),
('HS32', 'Lop02', 'Tin6', -1, -1, -1, -1, -1, -1, -1, -1, -1, -1, -1),
('HS32', 'Lop02', 'Toan6', -1, -1, -1, -1, -1, -1, -1, -1, -1, -1, -1),
('HS32', 'Lop02', 'Van6', -1, -1, -1, -1, -1, -1, -1, -1, -1, -1, -1),
('HS33', 'Lop02', 'Anh6', -1, -1, -1, -1, -1, -1, -1, -1, -1, -1, -1),
('HS33', 'Lop02', 'CongDan6', -1, -1, -1, -1, -1, -1, -1, -1, -1, -1, -1),
('HS33', 'Lop02', 'CongNghe6', -1, -1, -1, -1, -1, -1, -1, -1, -1, -1, -1),
('HS33', 'Lop02', 'DiaLy6', -1, -1, -1, -1, -1, -1, -1, -1, -1, -1, -1),
('HS33', 'Lop02', 'LichSu6', -1, -1, -1, -1, -1, -1, -1, -1, -1, -1, -1),
('HS33', 'Lop02', 'Nhac6', -1, -1, -1, -1, -1, -1, -1, -1, -1, -1, -1),
('HS33', 'Lop02', 'TheDuc6', -1, -1, -1, -1, -1, -1, -1, -1, -1, -1, -1),
('HS33', 'Lop02', 'Tin6', -1, -1, -1, -1, -1, -1, -1, -1, -1, -1, -1),
('HS33', 'Lop02', 'Toan6', -1, -1, -1, -1, -1, -1, -1, -1, -1, -1, -1),
('HS33', 'Lop02', 'Van6', -1, -1, -1, -1, -1, -1, -1, -1, -1, -1, -1),
('HS34', 'Lop02', 'Anh6', -1, -1, -1, -1, -1, -1, -1, -1, -1, -1, -1),
('HS34', 'Lop02', 'CongDan6', -1, -1, -1, -1, -1, -1, -1, -1, -1, -1, -1),
('HS34', 'Lop02', 'CongNghe6', -1, -1, -1, -1, -1, -1, -1, -1, -1, -1, -1),
('HS34', 'Lop02', 'DiaLy6', -1, -1, -1, -1, -1, -1, -1, -1, -1, -1, -1),
('HS34', 'Lop02', 'LichSu6', -1, -1, -1, -1, -1, -1, -1, -1, -1, -1, -1),
('HS34', 'Lop02', 'Nhac6', -1, -1, -1, -1, -1, -1, -1, -1, -1, -1, -1),
('HS34', 'Lop02', 'TheDuc6', -1, -1, -1, -1, -1, -1, -1, -1, -1, -1, -1),
('HS34', 'Lop02', 'Tin6', -1, -1, -1, -1, -1, -1, -1, -1, -1, -1, -1),
('HS34', 'Lop02', 'Toan6', -1, -1, -1, -1, -1, -1, -1, -1, -1, -1, -1),
('HS34', 'Lop02', 'Van6', -1, -1, -1, -1, -1, -1, -1, -1, -1, -1, -1),
('HS35', 'Lop02', 'Anh6', -1, -1, -1, -1, -1, -1, -1, -1, -1, -1, -1),
('HS35', 'Lop02', 'CongDan6', -1, -1, -1, -1, -1, -1, -1, -1, -1, -1, -1),
('HS35', 'Lop02', 'CongNghe6', -1, -1, -1, -1, -1, -1, -1, -1, -1, -1, -1),
('HS35', 'Lop02', 'DiaLy6', -1, -1, -1, -1, -1, -1, -1, -1, -1, -1, -1),
('HS35', 'Lop02', 'LichSu6', -1, -1, -1, -1, -1, -1, -1, -1, -1, -1, -1),
('HS35', 'Lop02', 'Nhac6', -1, -1, -1, -1, -1, -1, -1, -1, -1, -1, -1),
('HS35', 'Lop02', 'TheDuc6', -1, -1, -1, -1, -1, -1, -1, -1, -1, -1, -1),
('HS35', 'Lop02', 'Tin6', -1, -1, -1, -1, -1, -1, -1, -1, -1, -1, -1),
('HS35', 'Lop02', 'Toan6', -1, -1, -1, -1, -1, -1, -1, -1, -1, -1, -1),
('HS35', 'Lop02', 'Van6', -1, -1, -1, -1, -1, -1, -1, -1, -1, -1, -1),
('HS36', 'Lop02', 'Anh6', -1, -1, -1, -1, -1, -1, -1, -1, -1, -1, -1),
('HS36', 'Lop02', 'CongDan6', -1, -1, -1, -1, -1, -1, -1, -1, -1, -1, -1),
('HS36', 'Lop02', 'CongNghe6', -1, -1, -1, -1, -1, -1, -1, -1, -1, -1, -1),
('HS36', 'Lop02', 'DiaLy6', -1, -1, -1, -1, -1, -1, -1, -1, -1, -1, -1),
('HS36', 'Lop02', 'LichSu6', -1, -1, -1, -1, -1, -1, -1, -1, -1, -1, -1),
('HS36', 'Lop02', 'Nhac6', -1, -1, -1, -1, -1, -1, -1, -1, -1, -1, -1),
('HS36', 'Lop02', 'TheDuc6', -1, -1, -1, -1, -1, -1, -1, -1, -1, -1, -1),
('HS36', 'Lop02', 'Tin6', -1, -1, -1, -1, -1, -1, -1, -1, -1, -1, -1),
('HS36', 'Lop02', 'Toan6', -1, -1, -1, -1, -1, -1, -1, -1, -1, -1, -1),
('HS36', 'Lop02', 'Van6', -1, -1, -1, -1, -1, -1, -1, -1, -1, -1, -1),
('HS37', 'Lop02', 'Anh6', -1, -1, -1, -1, -1, -1, -1, -1, -1, -1, -1),
('HS37', 'Lop02', 'CongDan6', -1, -1, -1, -1, -1, -1, -1, -1, -1, -1, -1),
('HS37', 'Lop02', 'CongNghe6', -1, -1, -1, -1, -1, -1, -1, -1, -1, -1, -1),
('HS37', 'Lop02', 'DiaLy6', -1, -1, -1, -1, -1, -1, -1, -1, -1, -1, -1),
('HS37', 'Lop02', 'LichSu6', -1, -1, -1, -1, -1, -1, -1, -1, -1, -1, -1),
('HS37', 'Lop02', 'Nhac6', -1, -1, -1, -1, -1, -1, -1, -1, -1, -1, -1),
('HS37', 'Lop02', 'TheDuc6', -1, -1, -1, -1, -1, -1, -1, -1, -1, -1, -1),
('HS37', 'Lop02', 'Tin6', -1, -1, -1, -1, -1, -1, -1, -1, -1, -1, -1),
('HS37', 'Lop02', 'Toan6', -1, -1, -1, -1, -1, -1, -1, -1, -1, -1, -1),
('HS37', 'Lop02', 'Van6', -1, -1, -1, -1, -1, -1, -1, -1, -1, -1, -1),
('HS38', 'Lop02', 'Anh6', -1, -1, -1, -1, -1, -1, -1, -1, -1, -1, -1),
('HS38', 'Lop02', 'CongDan6', -1, -1, -1, -1, -1, -1, -1, -1, -1, -1, -1),
('HS38', 'Lop02', 'CongNghe6', -1, -1, -1, -1, -1, -1, -1, -1, -1, -1, -1),
('HS38', 'Lop02', 'DiaLy6', -1, -1, -1, -1, -1, -1, -1, -1, -1, -1, -1),
('HS38', 'Lop02', 'LichSu6', -1, -1, -1, -1, -1, -1, -1, -1, -1, -1, -1),
('HS38', 'Lop02', 'Nhac6', -1, -1, -1, -1, -1, -1, -1, -1, -1, -1, -1),
('HS38', 'Lop02', 'TheDuc6', -1, -1, -1, -1, -1, -1, -1, -1, -1, -1, -1),
('HS38', 'Lop02', 'Tin6', -1, -1, -1, -1, -1, -1, -1, -1, -1, -1, -1),
('HS38', 'Lop02', 'Toan6', -1, -1, -1, -1, -1, -1, -1, -1, -1, -1, -1),
('HS38', 'Lop02', 'Van6', -1, -1, -1, -1, -1, -1, -1, -1, -1, -1, -1),
('HS39', 'Lop02', 'Anh6', -1, -1, -1, -1, -1, -1, -1, -1, -1, -1, -1),
('HS39', 'Lop02', 'CongDan6', -1, -1, -1, -1, -1, -1, -1, -1, -1, -1, -1),
('HS39', 'Lop02', 'CongNghe6', -1, -1, -1, -1, -1, -1, -1, -1, -1, -1, -1),
('HS39', 'Lop02', 'DiaLy6', -1, -1, -1, -1, -1, -1, -1, -1, -1, -1, -1),
('HS39', 'Lop02', 'LichSu6', -1, -1, -1, -1, -1, -1, -1, -1, -1, -1, -1),
('HS39', 'Lop02', 'Nhac6', -1, -1, -1, -1, -1, -1, -1, -1, -1, -1, -1),
('HS39', 'Lop02', 'TheDuc6', -1, -1, -1, -1, -1, -1, -1, -1, -1, -1, -1),
('HS39', 'Lop02', 'Tin6', -1, -1, -1, -1, -1, -1, -1, -1, -1, -1, -1),
('HS39', 'Lop02', 'Toan6', -1, -1, -1, -1, -1, -1, -1, -1, -1, -1, -1),
('HS39', 'Lop02', 'Van6', -1, -1, -1, -1, -1, -1, -1, -1, -1, -1, -1),
('HS4', 'Lop02', 'Anh6', -1, -1, -1, -1, -1, -1, -1, -1, -1, -1, -1),
('HS4', 'Lop02', 'CongDan6', -1, -1, -1, -1, -1, -1, -1, -1, -1, -1, -1),
('HS4', 'Lop02', 'CongNghe6', -1, -1, -1, -1, -1, -1, -1, -1, -1, -1, -1),
('HS4', 'Lop02', 'DiaLy6', -1, -1, -1, -1, -1, -1, -1, -1, -1, -1, -1),
('HS4', 'Lop02', 'LichSu6', -1, -1, -1, -1, -1, -1, -1, -1, -1, -1, -1),
('HS4', 'Lop02', 'Nhac6', -1, -1, -1, -1, -1, -1, -1, -1, -1, -1, -1),
('HS4', 'Lop02', 'TheDuc6', -1, -1, -1, -1, -1, -1, -1, -1, -1, -1, -1),
('HS4', 'Lop02', 'Tin6', -1, -1, -1, -1, -1, -1, -1, -1, -1, -1, -1),
('HS4', 'Lop02', 'Toan6', -1, -1, -1, -1, -1, -1, -1, -1, -1, -1, -1),
('HS4', 'Lop02', 'Van6', -1, -1, -1, -1, -1, -1, -1, -1, -1, -1, -1),
('HS40', 'Lop02', 'Anh6', -1, -1, -1, -1, -1, -1, -1, -1, -1, -1, -1),
('HS40', 'Lop02', 'CongDan6', -1, -1, -1, -1, -1, -1, -1, -1, -1, -1, -1),
('HS40', 'Lop02', 'CongNghe6', -1, -1, -1, -1, -1, -1, -1, -1, -1, -1, -1),
('HS40', 'Lop02', 'DiaLy6', -1, -1, -1, -1, -1, -1, -1, -1, -1, -1, -1),
('HS40', 'Lop02', 'LichSu6', -1, -1, -1, -1, -1, -1, -1, -1, -1, -1, -1),
('HS40', 'Lop02', 'Nhac6', -1, -1, -1, -1, -1, -1, -1, -1, -1, -1, -1),
('HS40', 'Lop02', 'TheDuc6', -1, -1, -1, -1, -1, -1, -1, -1, -1, -1, -1),
('HS40', 'Lop02', 'Tin6', -1, -1, -1, -1, -1, -1, -1, -1, -1, -1, -1),
('HS40', 'Lop02', 'Toan6', -1, -1, -1, -1, -1, -1, -1, -1, -1, -1, -1),
('HS40', 'Lop02', 'Van6', -1, -1, -1, -1, -1, -1, -1, -1, -1, -1, -1),
('HS41', 'Lop02', 'Anh6', -1, -1, -1, -1, -1, -1, -1, -1, -1, -1, -1),
('HS41', 'Lop02', 'CongDan6', -1, -1, -1, -1, -1, -1, -1, -1, -1, -1, -1),
('HS41', 'Lop02', 'CongNghe6', -1, -1, -1, -1, -1, -1, -1, -1, -1, -1, -1),
('HS41', 'Lop02', 'DiaLy6', -1, -1, -1, -1, -1, -1, -1, -1, -1, -1, -1),
('HS41', 'Lop02', 'LichSu6', -1, -1, -1, -1, -1, -1, -1, -1, -1, -1, -1),
('HS41', 'Lop02', 'Nhac6', -1, -1, -1, -1, -1, -1, -1, -1, -1, -1, -1),
('HS41', 'Lop02', 'TheDuc6', -1, -1, -1, -1, -1, -1, -1, -1, -1, -1, -1),
('HS41', 'Lop02', 'Tin6', -1, -1, -1, -1, -1, -1, -1, -1, -1, -1, -1),
('HS41', 'Lop02', 'Toan6', -1, -1, -1, -1, -1, -1, -1, -1, -1, -1, -1),
('HS41', 'Lop02', 'Van6', -1, -1, -1, -1, -1, -1, -1, -1, -1, -1, -1),
('HS42', 'Lop02', 'Anh6', -1, -1, -1, -1, -1, -1, -1, -1, -1, -1, -1),
('HS42', 'Lop02', 'CongDan6', -1, -1, -1, -1, -1, -1, -1, -1, -1, -1, -1),
('HS42', 'Lop02', 'CongNghe6', -1, -1, -1, -1, -1, -1, -1, -1, -1, -1, -1),
('HS42', 'Lop02', 'DiaLy6', -1, -1, -1, -1, -1, -1, -1, -1, -1, -1, -1),
('HS42', 'Lop02', 'LichSu6', -1, -1, -1, -1, -1, -1, -1, -1, -1, -1, -1),
('HS42', 'Lop02', 'Nhac6', -1, -1, -1, -1, -1, -1, -1, -1, -1, -1, -1),
('HS42', 'Lop02', 'TheDuc6', -1, -1, -1, -1, -1, -1, -1, -1, -1, -1, -1),
('HS42', 'Lop02', 'Tin6', -1, -1, -1, -1, -1, -1, -1, -1, -1, -1, -1),
('HS42', 'Lop02', 'Toan6', -1, -1, -1, -1, -1, -1, -1, -1, -1, -1, -1),
('HS42', 'Lop02', 'Van6', -1, -1, -1, -1, -1, -1, -1, -1, -1, -1, -1),
('HS43', 'Lop02', 'Anh6', -1, -1, -1, -1, -1, -1, -1, -1, -1, -1, -1),
('HS43', 'Lop02', 'CongDan6', -1, -1, -1, -1, -1, -1, -1, -1, -1, -1, -1),
('HS43', 'Lop02', 'CongNghe6', -1, -1, -1, -1, -1, -1, -1, -1, -1, -1, -1),
('HS43', 'Lop02', 'DiaLy6', -1, -1, -1, -1, -1, -1, -1, -1, -1, -1, -1),
('HS43', 'Lop02', 'LichSu6', -1, -1, -1, -1, -1, -1, -1, -1, -1, -1, -1),
('HS43', 'Lop02', 'Nhac6', -1, -1, -1, -1, -1, -1, -1, -1, -1, -1, -1),
('HS43', 'Lop02', 'TheDuc6', -1, -1, -1, -1, -1, -1, -1, -1, -1, -1, -1),
('HS43', 'Lop02', 'Tin6', -1, -1, -1, -1, -1, -1, -1, -1, -1, -1, -1),
('HS43', 'Lop02', 'Toan6', -1, -1, -1, -1, -1, -1, -1, -1, -1, -1, -1),
('HS43', 'Lop02', 'Van6', -1, -1, -1, -1, -1, -1, -1, -1, -1, -1, -1),
('HS44', 'Lop02', 'Anh6', -1, -1, -1, -1, -1, -1, -1, -1, -1, -1, -1),
('HS44', 'Lop02', 'CongDan6', -1, -1, -1, -1, -1, -1, -1, -1, -1, -1, -1),
('HS44', 'Lop02', 'CongNghe6', -1, -1, -1, -1, -1, -1, -1, -1, -1, -1, -1),
('HS44', 'Lop02', 'DiaLy6', -1, -1, -1, -1, -1, -1, -1, -1, -1, -1, -1),
('HS44', 'Lop02', 'LichSu6', -1, -1, -1, -1, -1, -1, -1, -1, -1, -1, -1),
('HS44', 'Lop02', 'Nhac6', -1, -1, -1, -1, -1, -1, -1, -1, -1, -1, -1),
('HS44', 'Lop02', 'TheDuc6', -1, -1, -1, -1, -1, -1, -1, -1, -1, -1, -1),
('HS44', 'Lop02', 'Tin6', -1, -1, -1, -1, -1, -1, -1, -1, -1, -1, -1),
('HS44', 'Lop02', 'Toan6', -1, -1, -1, -1, -1, -1, -1, -1, -1, -1, -1),
('HS44', 'Lop02', 'Van6', -1, -1, -1, -1, -1, -1, -1, -1, -1, -1, -1),
('HS45', 'Lop02', 'Anh6', -1, -1, -1, -1, -1, -1, -1, -1, -1, -1, -1),
('HS45', 'Lop02', 'CongDan6', -1, -1, -1, -1, -1, -1, -1, -1, -1, -1, -1),
('HS45', 'Lop02', 'CongNghe6', -1, -1, -1, -1, -1, -1, -1, -1, -1, -1, -1),
('HS45', 'Lop02', 'DiaLy6', -1, -1, -1, -1, -1, -1, -1, -1, -1, -1, -1),
('HS45', 'Lop02', 'LichSu6', -1, -1, -1, -1, -1, -1, -1, -1, -1, -1, -1),
('HS45', 'Lop02', 'Nhac6', -1, -1, -1, -1, -1, -1, -1, -1, -1, -1, -1),
('HS45', 'Lop02', 'TheDuc6', -1, -1, -1, -1, -1, -1, -1, -1, -1, -1, -1),
('HS45', 'Lop02', 'Tin6', -1, -1, -1, -1, -1, -1, -1, -1, -1, -1, -1),
('HS45', 'Lop02', 'Toan6', -1, -1, -1, -1, -1, -1, -1, -1, -1, -1, -1),
('HS45', 'Lop02', 'Van6', -1, -1, -1, -1, -1, -1, -1, -1, -1, -1, -1),
('HS46', 'Lop03', 'Anh6', -1, -1, -1, -1, -1, -1, -1, -1, -1, -1, -1),
('HS46', 'Lop03', 'CongDan6', -1, -1, -1, -1, -1, -1, -1, -1, -1, -1, -1),
('HS46', 'Lop03', 'CongNghe6', -1, -1, -1, -1, -1, -1, -1, -1, -1, -1, -1),
('HS46', 'Lop03', 'DiaLy6', -1, -1, -1, -1, -1, -1, -1, -1, -1, -1, -1),
('HS46', 'Lop03', 'LichSu6', -1, -1, -1, -1, -1, -1, -1, -1, -1, -1, -1),
('HS46', 'Lop03', 'Nhac6', -1, -1, -1, -1, -1, -1, -1, -1, -1, -1, -1),
('HS46', 'Lop03', 'TheDuc6', -1, -1, -1, -1, -1, -1, -1, -1, -1, -1, -1),
('HS46', 'Lop03', 'Tin6', -1, -1, -1, -1, -1, -1, -1, -1, -1, -1, -1),
('HS46', 'Lop03', 'Toan6', -1, -1, -1, -1, -1, -1, -1, -1, -1, -1, -1),
('HS46', 'Lop03', 'Van6', -1, -1, -1, -1, -1, -1, -1, -1, -1, -1, -1),
('HS47', 'Lop03', 'Anh6', -1, -1, -1, -1, -1, -1, -1, -1, -1, -1, -1),
('HS47', 'Lop03', 'CongDan6', -1, -1, -1, -1, -1, -1, -1, -1, -1, -1, -1),
('HS47', 'Lop03', 'CongNghe6', -1, -1, -1, -1, -1, -1, -1, -1, -1, -1, -1),
('HS47', 'Lop03', 'DiaLy6', -1, -1, -1, -1, -1, -1, -1, -1, -1, -1, -1),
('HS47', 'Lop03', 'LichSu6', -1, -1, -1, -1, -1, -1, -1, -1, -1, -1, -1),
('HS47', 'Lop03', 'Nhac6', -1, -1, -1, -1, -1, -1, -1, -1, -1, -1, -1),
('HS47', 'Lop03', 'TheDuc6', -1, -1, -1, -1, -1, -1, -1, -1, -1, -1, -1),
('HS47', 'Lop03', 'Tin6', -1, -1, -1, -1, -1, -1, -1, -1, -1, -1, -1),
('HS47', 'Lop03', 'Toan6', -1, -1, -1, -1, -1, -1, -1, -1, -1, -1, -1),
('HS47', 'Lop03', 'Van6', -1, -1, -1, -1, -1, -1, -1, -1, -1, -1, -1),
('HS48', 'Lop03', 'Anh6', -1, -1, -1, -1, -1, -1, -1, -1, -1, -1, -1),
('HS48', 'Lop03', 'CongDan6', -1, -1, -1, -1, -1, -1, -1, -1, -1, -1, -1),
('HS48', 'Lop03', 'CongNghe6', -1, -1, -1, -1, -1, -1, -1, -1, -1, -1, -1),
('HS48', 'Lop03', 'DiaLy6', -1, -1, -1, -1, -1, -1, -1, -1, -1, -1, -1),
('HS48', 'Lop03', 'LichSu6', -1, -1, -1, -1, -1, -1, -1, -1, -1, -1, -1),
('HS48', 'Lop03', 'Nhac6', -1, -1, -1, -1, -1, -1, -1, -1, -1, -1, -1),
('HS48', 'Lop03', 'TheDuc6', -1, -1, -1, -1, -1, -1, -1, -1, -1, -1, -1),
('HS48', 'Lop03', 'Tin6', -1, -1, -1, -1, -1, -1, -1, -1, -1, -1, -1),
('HS48', 'Lop03', 'Toan6', -1, -1, -1, -1, -1, -1, -1, -1, -1, -1, -1),
('HS48', 'Lop03', 'Van6', -1, -1, -1, -1, -1, -1, -1, -1, -1, -1, -1),
('HS49', 'Lop03', 'Anh6', -1, -1, -1, -1, -1, -1, -1, -1, -1, -1, -1),
('HS49', 'Lop03', 'CongDan6', -1, -1, -1, -1, -1, -1, -1, -1, -1, -1, -1),
('HS49', 'Lop03', 'CongNghe6', -1, -1, -1, -1, -1, -1, -1, -1, -1, -1, -1),
('HS49', 'Lop03', 'DiaLy6', -1, -1, -1, -1, -1, -1, -1, -1, -1, -1, -1),
('HS49', 'Lop03', 'LichSu6', -1, -1, -1, -1, -1, -1, -1, -1, -1, -1, -1),
('HS49', 'Lop03', 'Nhac6', -1, -1, -1, -1, -1, -1, -1, -1, -1, -1, -1),
('HS49', 'Lop03', 'TheDuc6', -1, -1, -1, -1, -1, -1, -1, -1, -1, -1, -1),
('HS49', 'Lop03', 'Tin6', -1, -1, -1, -1, -1, -1, -1, -1, -1, -1, -1),
('HS49', 'Lop03', 'Toan6', -1, -1, -1, -1, -1, -1, -1, -1, -1, -1, -1),
('HS49', 'Lop03', 'Van6', -1, -1, -1, -1, -1, -1, -1, -1, -1, -1, -1),
('HS5', 'Lop03', 'Anh6', -1, -1, -1, -1, -1, -1, -1, -1, -1, -1, -1),
('HS5', 'Lop03', 'CongDan6', -1, -1, -1, -1, -1, -1, -1, -1, -1, -1, -1),
('HS5', 'Lop03', 'CongNghe6', -1, -1, -1, -1, -1, -1, -1, -1, -1, -1, -1),
('HS5', 'Lop03', 'DiaLy6', -1, -1, -1, -1, -1, -1, -1, -1, -1, -1, -1),
('HS5', 'Lop03', 'LichSu6', -1, -1, -1, -1, -1, -1, -1, -1, -1, -1, -1),
('HS5', 'Lop03', 'Nhac6', -1, -1, -1, -1, -1, -1, -1, -1, -1, -1, -1),
('HS5', 'Lop03', 'TheDuc6', -1, -1, -1, -1, -1, -1, -1, -1, -1, -1, -1),
('HS5', 'Lop03', 'Tin6', -1, -1, -1, -1, -1, -1, -1, -1, -1, -1, -1),
('HS5', 'Lop03', 'Toan6', -1, -1, -1, -1, -1, -1, -1, -1, -1, -1, -1),
('HS5', 'Lop03', 'Van6', -1, -1, -1, -1, -1, -1, -1, -1, -1, -1, -1),
('HS50', 'Lop03', 'Anh6', -1, -1, -1, -1, -1, -1, -1, -1, -1, -1, -1),
('HS50', 'Lop03', 'CongDan6', -1, -1, -1, -1, -1, -1, -1, -1, -1, -1, -1),
('HS50', 'Lop03', 'CongNghe6', -1, -1, -1, -1, -1, -1, -1, -1, -1, -1, -1),
('HS50', 'Lop03', 'DiaLy6', -1, -1, -1, -1, -1, -1, -1, -1, -1, -1, -1),
('HS50', 'Lop03', 'LichSu6', -1, -1, -1, -1, -1, -1, -1, -1, -1, -1, -1),
('HS50', 'Lop03', 'Nhac6', -1, -1, -1, -1, -1, -1, -1, -1, -1, -1, -1),
('HS50', 'Lop03', 'TheDuc6', -1, -1, -1, -1, -1, -1, -1, -1, -1, -1, -1),
('HS50', 'Lop03', 'Tin6', -1, -1, -1, -1, -1, -1, -1, -1, -1, -1, -1),
('HS50', 'Lop03', 'Toan6', -1, -1, -1, -1, -1, -1, -1, -1, -1, -1, -1),
('HS50', 'Lop03', 'Van6', -1, -1, -1, -1, -1, -1, -1, -1, -1, -1, -1),
('HS51', 'Lop03', 'Anh6', -1, -1, -1, -1, -1, -1, -1, -1, -1, -1, -1),
('HS51', 'Lop03', 'CongDan6', -1, -1, -1, -1, -1, -1, -1, -1, -1, -1, -1),
('HS51', 'Lop03', 'CongNghe6', -1, -1, -1, -1, -1, -1, -1, -1, -1, -1, -1),
('HS51', 'Lop03', 'DiaLy6', -1, -1, -1, -1, -1, -1, -1, -1, -1, -1, -1),
('HS51', 'Lop03', 'LichSu6', -1, -1, -1, -1, -1, -1, -1, -1, -1, -1, -1),
('HS51', 'Lop03', 'Nhac6', -1, -1, -1, -1, -1, -1, -1, -1, -1, -1, -1),
('HS51', 'Lop03', 'TheDuc6', -1, -1, -1, -1, -1, -1, -1, -1, -1, -1, -1),
('HS51', 'Lop03', 'Tin6', -1, -1, -1, -1, -1, -1, -1, -1, -1, -1, -1),
('HS51', 'Lop03', 'Toan6', -1, -1, -1, -1, -1, -1, -1, -1, -1, -1, -1),
('HS51', 'Lop03', 'Van6', -1, -1, -1, -1, -1, -1, -1, -1, -1, -1, -1),
('HS52', 'Lop03', 'Anh6', -1, -1, -1, -1, -1, -1, -1, -1, -1, -1, -1),
('HS52', 'Lop03', 'CongDan6', -1, -1, -1, -1, -1, -1, -1, -1, -1, -1, -1),
('HS52', 'Lop03', 'CongNghe6', -1, -1, -1, -1, -1, -1, -1, -1, -1, -1, -1),
('HS52', 'Lop03', 'DiaLy6', -1, -1, -1, -1, -1, -1, -1, -1, -1, -1, -1),
('HS52', 'Lop03', 'LichSu6', -1, -1, -1, -1, -1, -1, -1, -1, -1, -1, -1),
('HS52', 'Lop03', 'Nhac6', -1, -1, -1, -1, -1, -1, -1, -1, -1, -1, -1),
('HS52', 'Lop03', 'TheDuc6', -1, -1, -1, -1, -1, -1, -1, -1, -1, -1, -1),
('HS52', 'Lop03', 'Tin6', -1, -1, -1, -1, -1, -1, -1, -1, -1, -1, -1),
('HS52', 'Lop03', 'Toan6', -1, -1, -1, -1, -1, -1, -1, -1, -1, -1, -1),
('HS52', 'Lop03', 'Van6', -1, -1, -1, -1, -1, -1, -1, -1, -1, -1, -1),
('HS53', 'Lop03', 'Anh6', -1, -1, -1, -1, -1, -1, -1, -1, -1, -1, -1),
('HS53', 'Lop03', 'CongDan6', -1, -1, -1, -1, -1, -1, -1, -1, -1, -1, -1),
('HS53', 'Lop03', 'CongNghe6', -1, -1, -1, -1, -1, -1, -1, -1, -1, -1, -1),
('HS53', 'Lop03', 'DiaLy6', -1, -1, -1, -1, -1, -1, -1, -1, -1, -1, -1),
('HS53', 'Lop03', 'LichSu6', -1, -1, -1, -1, -1, -1, -1, -1, -1, -1, -1),
('HS53', 'Lop03', 'Nhac6', -1, -1, -1, -1, -1, -1, -1, -1, -1, -1, -1),
('HS53', 'Lop03', 'TheDuc6', -1, -1, -1, -1, -1, -1, -1, -1, -1, -1, -1),
('HS53', 'Lop03', 'Tin6', -1, -1, -1, -1, -1, -1, -1, -1, -1, -1, -1),
('HS53', 'Lop03', 'Toan6', -1, -1, -1, -1, -1, -1, -1, -1, -1, -1, -1),
('HS53', 'Lop03', 'Van6', -1, -1, -1, -1, -1, -1, -1, -1, -1, -1, -1),
('HS54', 'Lop03', 'Anh6', -1, -1, -1, -1, -1, -1, -1, -1, -1, -1, -1),
('HS54', 'Lop03', 'CongDan6', -1, -1, -1, -1, -1, -1, -1, -1, -1, -1, -1),
('HS54', 'Lop03', 'CongNghe6', -1, -1, -1, -1, -1, -1, -1, -1, -1, -1, -1),
('HS54', 'Lop03', 'DiaLy6', -1, -1, -1, -1, -1, -1, -1, -1, -1, -1, -1),
('HS54', 'Lop03', 'LichSu6', -1, -1, -1, -1, -1, -1, -1, -1, -1, -1, -1),
('HS54', 'Lop03', 'Nhac6', -1, -1, -1, -1, -1, -1, -1, -1, -1, -1, -1),
('HS54', 'Lop03', 'TheDuc6', -1, -1, -1, -1, -1, -1, -1, -1, -1, -1, -1),
('HS54', 'Lop03', 'Tin6', -1, -1, -1, -1, -1, -1, -1, -1, -1, -1, -1),
('HS54', 'Lop03', 'Toan6', -1, -1, -1, -1, -1, -1, -1, -1, -1, -1, -1),
('HS54', 'Lop03', 'Van6', -1, -1, -1, -1, -1, -1, -1, -1, -1, -1, -1),
('HS55', 'Lop03', 'Anh6', -1, -1, -1, -1, -1, -1, -1, -1, -1, -1, -1),
('HS55', 'Lop03', 'CongDan6', -1, -1, -1, -1, -1, -1, -1, -1, -1, -1, -1),
('HS55', 'Lop03', 'CongNghe6', -1, -1, -1, -1, -1, -1, -1, -1, -1, -1, -1),
('HS55', 'Lop03', 'DiaLy6', -1, -1, -1, -1, -1, -1, -1, -1, -1, -1, -1),
('HS55', 'Lop03', 'LichSu6', -1, -1, -1, -1, -1, -1, -1, -1, -1, -1, -1),
('HS55', 'Lop03', 'Nhac6', -1, -1, -1, -1, -1, -1, -1, -1, -1, -1, -1),
('HS55', 'Lop03', 'TheDuc6', -1, -1, -1, -1, -1, -1, -1, -1, -1, -1, -1),
('HS55', 'Lop03', 'Tin6', -1, -1, -1, -1, -1, -1, -1, -1, -1, -1, -1),
('HS55', 'Lop03', 'Toan6', -1, -1, -1, -1, -1, -1, -1, -1, -1, -1, -1),
('HS55', 'Lop03', 'Van6', -1, -1, -1, -1, -1, -1, -1, -1, -1, -1, -1),
('HS56', 'Lop03', 'Anh6', -1, -1, -1, -1, -1, -1, -1, -1, -1, -1, -1),
('HS56', 'Lop03', 'CongDan6', -1, -1, -1, -1, -1, -1, -1, -1, -1, -1, -1),
('HS56', 'Lop03', 'CongNghe6', -1, -1, -1, -1, -1, -1, -1, -1, -1, -1, -1),
('HS56', 'Lop03', 'DiaLy6', -1, -1, -1, -1, -1, -1, -1, -1, -1, -1, -1),
('HS56', 'Lop03', 'LichSu6', -1, -1, -1, -1, -1, -1, -1, -1, -1, -1, -1),
('HS56', 'Lop03', 'Nhac6', -1, -1, -1, -1, -1, -1, -1, -1, -1, -1, -1),
('HS56', 'Lop03', 'TheDuc6', -1, -1, -1, -1, -1, -1, -1, -1, -1, -1, -1),
('HS56', 'Lop03', 'Tin6', -1, -1, -1, -1, -1, -1, -1, -1, -1, -1, -1),
('HS56', 'Lop03', 'Toan6', -1, -1, -1, -1, -1, -1, -1, -1, -1, -1, -1),
('HS56', 'Lop03', 'Van6', -1, -1, -1, -1, -1, -1, -1, -1, -1, -1, -1),
('HS57', 'Lop03', 'Anh6', -1, -1, -1, -1, -1, -1, -1, -1, -1, -1, -1),
('HS57', 'Lop03', 'CongDan6', -1, -1, -1, -1, -1, -1, -1, -1, -1, -1, -1),
('HS57', 'Lop03', 'CongNghe6', -1, -1, -1, -1, -1, -1, -1, -1, -1, -1, -1),
('HS57', 'Lop03', 'DiaLy6', -1, -1, -1, -1, -1, -1, -1, -1, -1, -1, -1),
('HS57', 'Lop03', 'LichSu6', -1, -1, -1, -1, -1, -1, -1, -1, -1, -1, -1),
('HS57', 'Lop03', 'Nhac6', -1, -1, -1, -1, -1, -1, -1, -1, -1, -1, -1),
('HS57', 'Lop03', 'TheDuc6', -1, -1, -1, -1, -1, -1, -1, -1, -1, -1, -1),
('HS57', 'Lop03', 'Tin6', -1, -1, -1, -1, -1, -1, -1, -1, -1, -1, -1),
('HS57', 'Lop03', 'Toan6', -1, -1, -1, -1, -1, -1, -1, -1, -1, -1, -1),
('HS57', 'Lop03', 'Van6', -1, -1, -1, -1, -1, -1, -1, -1, -1, -1, -1),
('HS58', 'Lop03', 'Anh6', -1, -1, -1, -1, -1, -1, -1, -1, -1, -1, -1),
('HS58', 'Lop03', 'CongDan6', -1, -1, -1, -1, -1, -1, -1, -1, -1, -1, -1),
('HS58', 'Lop03', 'CongNghe6', -1, -1, -1, -1, -1, -1, -1, -1, -1, -1, -1),
('HS58', 'Lop03', 'DiaLy6', -1, -1, -1, -1, -1, -1, -1, -1, -1, -1, -1),
('HS58', 'Lop03', 'LichSu6', -1, -1, -1, -1, -1, -1, -1, -1, -1, -1, -1),
('HS58', 'Lop03', 'Nhac6', -1, -1, -1, -1, -1, -1, -1, -1, -1, -1, -1),
('HS58', 'Lop03', 'TheDuc6', -1, -1, -1, -1, -1, -1, -1, -1, -1, -1, -1),
('HS58', 'Lop03', 'Tin6', -1, -1, -1, -1, -1, -1, -1, -1, -1, -1, -1),
('HS58', 'Lop03', 'Toan6', -1, -1, -1, -1, -1, -1, -1, -1, -1, -1, -1),
('HS58', 'Lop03', 'Van6', -1, -1, -1, -1, -1, -1, -1, -1, -1, -1, -1),
('HS59', 'Lop03', 'Anh6', -1, -1, -1, -1, -1, -1, -1, -1, -1, -1, -1),
('HS59', 'Lop03', 'CongDan6', -1, -1, -1, -1, -1, -1, -1, -1, -1, -1, -1),
('HS59', 'Lop03', 'CongNghe6', -1, -1, -1, -1, -1, -1, -1, -1, -1, -1, -1),
('HS59', 'Lop03', 'DiaLy6', -1, -1, -1, -1, -1, -1, -1, -1, -1, -1, -1),
('HS59', 'Lop03', 'LichSu6', -1, -1, -1, -1, -1, -1, -1, -1, -1, -1, -1),
('HS59', 'Lop03', 'Nhac6', -1, -1, -1, -1, -1, -1, -1, -1, -1, -1, -1),
('HS59', 'Lop03', 'TheDuc6', -1, -1, -1, -1, -1, -1, -1, -1, -1, -1, -1),
('HS59', 'Lop03', 'Tin6', -1, -1, -1, -1, -1, -1, -1, -1, -1, -1, -1),
('HS59', 'Lop03', 'Toan6', -1, -1, -1, -1, -1, -1, -1, -1, -1, -1, -1),
('HS59', 'Lop03', 'Van6', -1, -1, -1, -1, -1, -1, -1, -1, -1, -1, -1),
('HS6', 'Lop03', 'Anh6', -1, -1, -1, -1, -1, -1, -1, -1, -1, -1, -1),
('HS6', 'Lop03', 'CongDan6', -1, -1, -1, -1, -1, -1, -1, -1, -1, -1, -1),
('HS6', 'Lop03', 'CongNghe6', -1, -1, -1, -1, -1, -1, -1, -1, -1, -1, -1),
('HS6', 'Lop03', 'DiaLy6', -1, -1, -1, -1, -1, -1, -1, -1, -1, -1, -1),
('HS6', 'Lop03', 'LichSu6', -1, -1, -1, -1, -1, -1, -1, -1, -1, -1, -1),
('HS6', 'Lop03', 'Nhac6', -1, -1, -1, -1, -1, -1, -1, -1, -1, -1, -1),
('HS6', 'Lop03', 'TheDuc6', -1, -1, -1, -1, -1, -1, -1, -1, -1, -1, -1),
('HS6', 'Lop03', 'Tin6', -1, -1, -1, -1, -1, -1, -1, -1, -1, -1, -1),
('HS6', 'Lop03', 'Toan6', -1, -1, -1, -1, -1, -1, -1, -1, -1, -1, -1),
('HS6', 'Lop03', 'Van6', -1, -1, -1, -1, -1, -1, -1, -1, -1, -1, -1),
('HS60', 'Lop03', 'Anh6', -1, -1, -1, -1, -1, -1, -1, -1, -1, -1, -1),
('HS60', 'Lop03', 'CongDan6', -1, -1, -1, -1, -1, -1, -1, -1, -1, -1, -1),
('HS60', 'Lop03', 'CongNghe6', -1, -1, -1, -1, -1, -1, -1, -1, -1, -1, -1),
('HS60', 'Lop03', 'DiaLy6', -1, -1, -1, -1, -1, -1, -1, -1, -1, -1, -1),
('HS60', 'Lop03', 'LichSu6', -1, -1, -1, -1, -1, -1, -1, -1, -1, -1, -1),
('HS60', 'Lop03', 'Nhac6', -1, -1, -1, -1, -1, -1, -1, -1, -1, -1, -1),
('HS60', 'Lop03', 'TheDuc6', -1, -1, -1, -1, -1, -1, -1, -1, -1, -1, -1),
('HS60', 'Lop03', 'Tin6', -1, -1, -1, -1, -1, -1, -1, -1, -1, -1, -1),
('HS60', 'Lop03', 'Toan6', -1, -1, -1, -1, -1, -1, -1, -1, -1, -1, -1),
('HS60', 'Lop03', 'Van6', -1, -1, -1, -1, -1, -1, -1, -1, -1, -1, -1),
('HS61', 'Lop06', 'Anh7', -1, -1, -1, -1, -1, -1, -1, -1, -1, -1, -1),
('HS61', 'Lop06', 'CongDan7', -1, -1, -1, -1, -1, -1, -1, -1, -1, -1, -1),
('HS61', 'Lop06', 'CongNghe7', -1, -1, -1, -1, -1, -1, -1, -1, -1, -1, -1),
('HS61', 'Lop06', 'DiaLy7', -1, -1, -1, -1, -1, -1, -1, -1, -1, -1, -1),
('HS61', 'Lop06', 'LichSu7', -1, -1, -1, -1, -1, -1, -1, -1, -1, -1, -1),
('HS61', 'Lop06', 'Nhac7', -1, -1, -1, -1, -1, -1, -1, -1, -1, -1, -1),
('HS61', 'Lop06', 'TheDuc7', -1, -1, -1, -1, -1, -1, -1, -1, -1, -1, -1),
('HS61', 'Lop06', 'Tin7', -1, -1, -1, -1, -1, -1, -1, -1, -1, -1, -1),
('HS61', 'Lop06', 'Toan7', -1, -1, -1, -1, -1, -1, -1, -1, -1, -1, -1),
('HS61', 'Lop06', 'Van7', -1, -1, -1, -1, -1, -1, -1, -1, -1, -1, -1),
('HS62', 'Lop05', 'Anh7', -1, -1, -1, -1, -1, -1, -1, -1, -1, -1, -1),
('HS62', 'Lop05', 'CongDan7', -1, -1, -1, -1, -1, -1, -1, -1, -1, -1, -1),
('HS62', 'Lop05', 'CongNghe7', -1, -1, -1, -1, -1, -1, -1, -1, -1, -1, -1),
('HS62', 'Lop05', 'DiaLy7', -1, -1, -1, -1, -1, -1, -1, -1, -1, -1, -1),
('HS62', 'Lop05', 'LichSu7', -1, -1, -1, -1, -1, -1, -1, -1, -1, -1, -1),
('HS62', 'Lop05', 'Nhac7', -1, -1, -1, -1, -1, -1, -1, -1, -1, -1, -1),
('HS62', 'Lop05', 'TheDuc7', -1, -1, -1, -1, -1, -1, -1, -1, -1, -1, -1),
('HS62', 'Lop05', 'Tin7', -1, -1, -1, -1, -1, -1, -1, -1, -1, -1, -1),
('HS62', 'Lop05', 'Toan7', -1, -1, -1, -1, -1, -1, -1, -1, -1, -1, -1),
('HS62', 'Lop05', 'Van7', -1, -1, -1, -1, -1, -1, -1, -1, -1, -1, -1),
('HS63', 'Lop05', 'Anh7', -1, -1, -1, -1, -1, -1, -1, -1, -1, -1, -1),
('HS63', 'Lop05', 'CongDan7', -1, -1, -1, -1, -1, -1, -1, -1, -1, -1, -1),
('HS63', 'Lop05', 'CongNghe7', -1, -1, -1, -1, -1, -1, -1, -1, -1, -1, -1),
('HS63', 'Lop05', 'DiaLy7', -1, -1, -1, -1, -1, -1, -1, -1, -1, -1, -1),
('HS63', 'Lop05', 'LichSu7', -1, -1, -1, -1, -1, -1, -1, -1, -1, -1, -1),
('HS63', 'Lop05', 'Nhac7', -1, -1, -1, -1, -1, -1, -1, -1, -1, -1, -1),
('HS63', 'Lop05', 'TheDuc7', -1, -1, -1, -1, -1, -1, -1, -1, -1, -1, -1),
('HS63', 'Lop05', 'Tin7', -1, -1, -1, -1, -1, -1, -1, -1, -1, -1, -1),
('HS63', 'Lop05', 'Toan7', -1, -1, -1, -1, -1, -1, -1, -1, -1, -1, -1),
('HS63', 'Lop05', 'Van7', -1, -1, -1, -1, -1, -1, -1, -1, -1, -1, -1),
('HS64', 'Lop05', 'Anh7', -1, -1, -1, -1, -1, -1, -1, -1, -1, -1, -1),
('HS64', 'Lop05', 'CongDan7', -1, -1, -1, -1, -1, -1, -1, -1, -1, -1, -1),
('HS64', 'Lop05', 'CongNghe7', -1, -1, -1, -1, -1, -1, -1, -1, -1, -1, -1),
('HS64', 'Lop05', 'DiaLy7', -1, -1, -1, -1, -1, -1, -1, -1, -1, -1, -1),
('HS64', 'Lop05', 'LichSu7', -1, -1, -1, -1, -1, -1, -1, -1, -1, -1, -1),
('HS64', 'Lop05', 'Nhac7', -1, -1, -1, -1, -1, -1, -1, -1, -1, -1, -1),
('HS64', 'Lop05', 'TheDuc7', -1, -1, -1, -1, -1, -1, -1, -1, -1, -1, -1),
('HS64', 'Lop05', 'Tin7', -1, -1, -1, -1, -1, -1, -1, -1, -1, -1, -1),
('HS64', 'Lop05', 'Toan7', -1, -1, -1, -1, -1, -1, -1, -1, -1, -1, -1),
('HS64', 'Lop05', 'Van7', -1, -1, -1, -1, -1, -1, -1, -1, -1, -1, -1),
('HS65', 'Lop05', 'Anh7', -1, -1, -1, -1, -1, -1, -1, -1, -1, -1, -1),
('HS65', 'Lop05', 'CongDan7', -1, -1, -1, -1, -1, -1, -1, -1, -1, -1, -1),
('HS65', 'Lop05', 'CongNghe7', -1, -1, -1, -1, -1, -1, -1, -1, -1, -1, -1),
('HS65', 'Lop05', 'DiaLy7', -1, -1, -1, -1, -1, -1, -1, -1, -1, -1, -1),
('HS65', 'Lop05', 'LichSu7', -1, -1, -1, -1, -1, -1, -1, -1, -1, -1, -1),
('HS65', 'Lop05', 'Nhac7', -1, -1, -1, -1, -1, -1, -1, -1, -1, -1, -1),
('HS65', 'Lop05', 'TheDuc7', -1, -1, -1, -1, -1, -1, -1, -1, -1, -1, -1),
('HS65', 'Lop05', 'Tin7', -1, -1, -1, -1, -1, -1, -1, -1, -1, -1, -1),
('HS65', 'Lop05', 'Toan7', -1, -1, -1, -1, -1, -1, -1, -1, -1, -1, -1),
('HS65', 'Lop05', 'Van7', -1, -1, -1, -1, -1, -1, -1, -1, -1, -1, -1),
('HS66', 'Lop05', 'Anh7', -1, -1, -1, -1, -1, -1, -1, -1, -1, -1, -1),
('HS66', 'Lop05', 'CongDan7', -1, -1, -1, -1, -1, -1, -1, -1, -1, -1, -1),
('HS66', 'Lop05', 'CongNghe7', -1, -1, -1, -1, -1, -1, -1, -1, -1, -1, -1),
('HS66', 'Lop05', 'DiaLy7', -1, -1, -1, -1, -1, -1, -1, -1, -1, -1, -1),
('HS66', 'Lop05', 'LichSu7', -1, -1, -1, -1, -1, -1, -1, -1, -1, -1, -1),
('HS66', 'Lop05', 'Nhac7', -1, -1, -1, -1, -1, -1, -1, -1, -1, -1, -1),
('HS66', 'Lop05', 'TheDuc7', -1, -1, -1, -1, -1, -1, -1, -1, -1, -1, -1),
('HS66', 'Lop05', 'Tin7', -1, -1, -1, -1, -1, -1, -1, -1, -1, -1, -1),
('HS66', 'Lop05', 'Toan7', -1, -1, -1, -1, -1, -1, -1, -1, -1, -1, -1),
('HS66', 'Lop05', 'Van7', -1, -1, -1, -1, -1, -1, -1, -1, -1, -1, -1),
('HS67', 'Lop05', 'Anh7', -1, -1, -1, -1, -1, -1, -1, -1, -1, -1, -1),
('HS67', 'Lop05', 'CongDan7', -1, -1, -1, -1, -1, -1, -1, -1, -1, -1, -1),
('HS67', 'Lop05', 'CongNghe7', -1, -1, -1, -1, -1, -1, -1, -1, -1, -1, -1),
('HS67', 'Lop05', 'DiaLy7', -1, -1, -1, -1, -1, -1, -1, -1, -1, -1, -1),
('HS67', 'Lop05', 'LichSu7', -1, -1, -1, -1, -1, -1, -1, -1, -1, -1, -1),
('HS67', 'Lop05', 'Nhac7', -1, -1, -1, -1, -1, -1, -1, -1, -1, -1, -1),
('HS67', 'Lop05', 'TheDuc7', -1, -1, -1, -1, -1, -1, -1, -1, -1, -1, -1),
('HS67', 'Lop05', 'Tin7', -1, -1, -1, -1, -1, -1, -1, -1, -1, -1, -1),
('HS67', 'Lop05', 'Toan7', -1, -1, -1, -1, -1, -1, -1, -1, -1, -1, -1),
('HS67', 'Lop05', 'Van7', -1, -1, -1, -1, -1, -1, -1, -1, -1, -1, -1),
('HS68', 'Lop05', 'Anh7', -1, -1, -1, -1, -1, -1, -1, -1, -1, -1, -1),
('HS68', 'Lop05', 'CongDan7', -1, -1, -1, -1, -1, -1, -1, -1, -1, -1, -1),
('HS68', 'Lop05', 'CongNghe7', -1, -1, -1, -1, -1, -1, -1, -1, -1, -1, -1),
('HS68', 'Lop05', 'DiaLy7', -1, -1, -1, -1, -1, -1, -1, -1, -1, -1, -1),
('HS68', 'Lop05', 'LichSu7', -1, -1, -1, -1, -1, -1, -1, -1, -1, -1, -1),
('HS68', 'Lop05', 'Nhac7', -1, -1, -1, -1, -1, -1, -1, -1, -1, -1, -1),
('HS68', 'Lop05', 'TheDuc7', -1, -1, -1, -1, -1, -1, -1, -1, -1, -1, -1),
('HS68', 'Lop05', 'Tin7', -1, -1, -1, -1, -1, -1, -1, -1, -1, -1, -1),
('HS68', 'Lop05', 'Toan7', -1, -1, -1, -1, -1, -1, -1, -1, -1, -1, -1),
('HS68', 'Lop05', 'Van7', -1, -1, -1, -1, -1, -1, -1, -1, -1, -1, -1),
('HS69', 'Lop05', 'Anh7', -1, -1, -1, -1, -1, -1, -1, -1, -1, -1, -1),
('HS69', 'Lop05', 'CongDan7', -1, -1, -1, -1, -1, -1, -1, -1, -1, -1, -1),
('HS69', 'Lop05', 'CongNghe7', -1, -1, -1, -1, -1, -1, -1, -1, -1, -1, -1),
('HS69', 'Lop05', 'DiaLy7', -1, -1, -1, -1, -1, -1, -1, -1, -1, -1, -1),
('HS69', 'Lop05', 'LichSu7', -1, -1, -1, -1, -1, -1, -1, -1, -1, -1, -1),
('HS69', 'Lop05', 'Nhac7', -1, -1, -1, -1, -1, -1, -1, -1, -1, -1, -1),
('HS69', 'Lop05', 'TheDuc7', -1, -1, -1, -1, -1, -1, -1, -1, -1, -1, -1),
('HS69', 'Lop05', 'Tin7', -1, -1, -1, -1, -1, -1, -1, -1, -1, -1, -1),
('HS69', 'Lop05', 'Toan7', -1, -1, -1, -1, -1, -1, -1, -1, -1, -1, -1),
('HS69', 'Lop05', 'Van7', -1, -1, -1, -1, -1, -1, -1, -1, -1, -1, -1),
('HS7', 'Lop03', 'Anh6', -1, -1, -1, -1, -1, -1, -1, -1, -1, -1, -1),
('HS7', 'Lop03', 'CongDan6', -1, -1, -1, -1, -1, -1, -1, -1, -1, -1, -1),
('HS7', 'Lop03', 'CongNghe6', -1, -1, -1, -1, -1, -1, -1, -1, -1, -1, -1),
('HS7', 'Lop03', 'DiaLy6', -1, -1, -1, -1, -1, -1, -1, -1, -1, -1, -1),
('HS7', 'Lop03', 'LichSu6', -1, -1, -1, -1, -1, -1, -1, -1, -1, -1, -1),
('HS7', 'Lop03', 'Nhac6', -1, -1, -1, -1, -1, -1, -1, -1, -1, -1, -1),
('HS7', 'Lop03', 'TheDuc6', -1, -1, -1, -1, -1, -1, -1, -1, -1, -1, -1),
('HS7', 'Lop03', 'Tin6', -1, -1, -1, -1, -1, -1, -1, -1, -1, -1, -1),
('HS7', 'Lop03', 'Toan6', -1, -1, -1, -1, -1, -1, -1, -1, -1, -1, -1),
('HS7', 'Lop03', 'Van6', -1, -1, -1, -1, -1, -1, -1, -1, -1, -1, -1),
('HS70', 'Lop05', 'Anh7', -1, -1, -1, -1, -1, -1, -1, -1, -1, -1, -1),
('HS70', 'Lop05', 'CongDan7', -1, -1, -1, -1, -1, -1, -1, -1, -1, -1, -1),
('HS70', 'Lop05', 'CongNghe7', -1, -1, -1, -1, -1, -1, -1, -1, -1, -1, -1),
('HS70', 'Lop05', 'DiaLy7', -1, -1, -1, -1, -1, -1, -1, -1, -1, -1, -1),
('HS70', 'Lop05', 'LichSu7', -1, -1, -1, -1, -1, -1, -1, -1, -1, -1, -1),
('HS70', 'Lop05', 'Nhac7', -1, -1, -1, -1, -1, -1, -1, -1, -1, -1, -1),
('HS70', 'Lop05', 'TheDuc7', -1, -1, -1, -1, -1, -1, -1, -1, -1, -1, -1),
('HS70', 'Lop05', 'Tin7', -1, -1, -1, -1, -1, -1, -1, -1, -1, -1, -1),
('HS70', 'Lop05', 'Toan7', -1, -1, -1, -1, -1, -1, -1, -1, -1, -1, -1),
('HS70', 'Lop05', 'Van7', -1, -1, -1, -1, -1, -1, -1, -1, -1, -1, -1),
('HS71', 'Lop05', 'Anh7', -1, -1, -1, -1, -1, -1, -1, -1, -1, -1, -1),
('HS71', 'Lop05', 'CongDan7', -1, -1, -1, -1, -1, -1, -1, -1, -1, -1, -1),
('HS71', 'Lop05', 'CongNghe7', -1, -1, -1, -1, -1, -1, -1, -1, -1, -1, -1),
('HS71', 'Lop05', 'DiaLy7', -1, -1, -1, -1, -1, -1, -1, -1, -1, -1, -1),
('HS71', 'Lop05', 'LichSu7', -1, -1, -1, -1, -1, -1, -1, -1, -1, -1, -1),
('HS71', 'Lop05', 'Nhac7', -1, -1, -1, -1, -1, -1, -1, -1, -1, -1, -1),
('HS71', 'Lop05', 'TheDuc7', -1, -1, -1, -1, -1, -1, -1, -1, -1, -1, -1),
('HS71', 'Lop05', 'Tin7', -1, -1, -1, -1, -1, -1, -1, -1, -1, -1, -1),
('HS71', 'Lop05', 'Toan7', -1, -1, -1, -1, -1, -1, -1, -1, -1, -1, -1),
('HS71', 'Lop05', 'Van7', -1, -1, -1, -1, -1, -1, -1, -1, -1, -1, -1),
('HS72', 'Lop05', 'Anh7', -1, -1, -1, -1, -1, -1, -1, -1, -1, -1, -1),
('HS72', 'Lop05', 'CongDan7', -1, -1, -1, -1, -1, -1, -1, -1, -1, -1, -1),
('HS72', 'Lop05', 'CongNghe7', -1, -1, -1, -1, -1, -1, -1, -1, -1, -1, -1),
('HS72', 'Lop05', 'DiaLy7', -1, -1, -1, -1, -1, -1, -1, -1, -1, -1, -1),
('HS72', 'Lop05', 'LichSu7', -1, -1, -1, -1, -1, -1, -1, -1, -1, -1, -1),
('HS72', 'Lop05', 'Nhac7', -1, -1, -1, -1, -1, -1, -1, -1, -1, -1, -1),
('HS72', 'Lop05', 'TheDuc7', -1, -1, -1, -1, -1, -1, -1, -1, -1, -1, -1),
('HS72', 'Lop05', 'Tin7', -1, -1, -1, -1, -1, -1, -1, -1, -1, -1, -1),
('HS72', 'Lop05', 'Toan7', -1, -1, -1, -1, -1, -1, -1, -1, -1, -1, -1),
('HS72', 'Lop05', 'Van7', -1, -1, -1, -1, -1, -1, -1, -1, -1, -1, -1),
('HS73', 'Lop05', 'Anh7', -1, -1, -1, -1, -1, -1, -1, -1, -1, -1, -1),
('HS73', 'Lop05', 'CongDan7', -1, -1, -1, -1, -1, -1, -1, -1, -1, -1, -1),
('HS73', 'Lop05', 'CongNghe7', -1, -1, -1, -1, -1, -1, -1, -1, -1, -1, -1),
('HS73', 'Lop05', 'DiaLy7', -1, -1, -1, -1, -1, -1, -1, -1, -1, -1, -1),
('HS73', 'Lop05', 'LichSu7', -1, -1, -1, -1, -1, -1, -1, -1, -1, -1, -1),
('HS73', 'Lop05', 'Nhac7', -1, -1, -1, -1, -1, -1, -1, -1, -1, -1, -1),
('HS73', 'Lop05', 'TheDuc7', -1, -1, -1, -1, -1, -1, -1, -1, -1, -1, -1),
('HS73', 'Lop05', 'Tin7', -1, -1, -1, -1, -1, -1, -1, -1, -1, -1, -1),
('HS73', 'Lop05', 'Toan7', -1, -1, -1, -1, -1, -1, -1, -1, -1, -1, -1),
('HS73', 'Lop05', 'Van7', -1, -1, -1, -1, -1, -1, -1, -1, -1, -1, -1),
('HS74', 'Lop05', 'Anh7', -1, -1, -1, -1, -1, -1, -1, -1, -1, -1, -1),
('HS74', 'Lop05', 'CongDan7', -1, -1, -1, -1, -1, -1, -1, -1, -1, -1, -1),
('HS74', 'Lop05', 'CongNghe7', -1, -1, -1, -1, -1, -1, -1, -1, -1, -1, -1),
('HS74', 'Lop05', 'DiaLy7', -1, -1, -1, -1, -1, -1, -1, -1, -1, -1, -1),
('HS74', 'Lop05', 'LichSu7', -1, -1, -1, -1, -1, -1, -1, -1, -1, -1, -1),
('HS74', 'Lop05', 'Nhac7', -1, -1, -1, -1, -1, -1, -1, -1, -1, -1, -1),
('HS74', 'Lop05', 'TheDuc7', -1, -1, -1, -1, -1, -1, -1, -1, -1, -1, -1),
('HS74', 'Lop05', 'Tin7', -1, -1, -1, -1, -1, -1, -1, -1, -1, -1, -1),
('HS74', 'Lop05', 'Toan7', -1, -1, -1, -1, -1, -1, -1, -1, -1, -1, -1),
('HS74', 'Lop05', 'Van7', -1, -1, -1, -1, -1, -1, -1, -1, -1, -1, -1),
('HS75', 'Lop05', 'Anh7', -1, -1, -1, -1, -1, -1, -1, -1, -1, -1, -1),
('HS75', 'Lop05', 'CongDan7', -1, -1, -1, -1, -1, -1, -1, -1, -1, -1, -1),
('HS75', 'Lop05', 'CongNghe7', -1, -1, -1, -1, -1, -1, -1, -1, -1, -1, -1),
('HS75', 'Lop05', 'DiaLy7', -1, -1, -1, -1, -1, -1, -1, -1, -1, -1, -1),
('HS75', 'Lop05', 'LichSu7', -1, -1, -1, -1, -1, -1, -1, -1, -1, -1, -1),
('HS75', 'Lop05', 'Nhac7', -1, -1, -1, -1, -1, -1, -1, -1, -1, -1, -1),
('HS75', 'Lop05', 'TheDuc7', -1, -1, -1, -1, -1, -1, -1, -1, -1, -1, -1),
('HS75', 'Lop05', 'Tin7', -1, -1, -1, -1, -1, -1, -1, -1, -1, -1, -1),
('HS75', 'Lop05', 'Toan7', -1, -1, -1, -1, -1, -1, -1, -1, -1, -1, -1),
('HS75', 'Lop05', 'Van7', -1, -1, -1, -1, -1, -1, -1, -1, -1, -1, -1),
('HS76', 'Lop05', 'Anh7', -1, -1, -1, -1, -1, -1, -1, -1, -1, -1, -1),
('HS76', 'Lop05', 'CongDan7', -1, -1, -1, -1, -1, -1, -1, -1, -1, -1, -1),
('HS76', 'Lop05', 'CongNghe7', -1, -1, -1, -1, -1, -1, -1, -1, -1, -1, -1),
('HS76', 'Lop05', 'DiaLy7', -1, -1, -1, -1, -1, -1, -1, -1, -1, -1, -1),
('HS76', 'Lop05', 'LichSu7', -1, -1, -1, -1, -1, -1, -1, -1, -1, -1, -1),
('HS76', 'Lop05', 'Nhac7', -1, -1, -1, -1, -1, -1, -1, -1, -1, -1, -1),
('HS76', 'Lop05', 'TheDuc7', -1, -1, -1, -1, -1, -1, -1, -1, -1, -1, -1),
('HS76', 'Lop05', 'Tin7', -1, -1, -1, -1, -1, -1, -1, -1, -1, -1, -1),
('HS76', 'Lop05', 'Toan7', -1, -1, -1, -1, -1, -1, -1, -1, -1, -1, -1),
('HS76', 'Lop05', 'Van7', -1, -1, -1, -1, -1, -1, -1, -1, -1, -1, -1),
('HS77', 'Lop05', 'Anh7', -1, -1, -1, -1, -1, -1, -1, -1, -1, -1, -1),
('HS77', 'Lop05', 'CongDan7', -1, -1, -1, -1, -1, -1, -1, -1, -1, -1, -1),
('HS77', 'Lop05', 'CongNghe7', -1, -1, -1, -1, -1, -1, -1, -1, -1, -1, -1),
('HS77', 'Lop05', 'DiaLy7', -1, -1, -1, -1, -1, -1, -1, -1, -1, -1, -1),
('HS77', 'Lop05', 'LichSu7', -1, -1, -1, -1, -1, -1, -1, -1, -1, -1, -1),
('HS77', 'Lop05', 'Nhac7', -1, -1, -1, -1, -1, -1, -1, -1, -1, -1, -1),
('HS77', 'Lop05', 'TheDuc7', -1, -1, -1, -1, -1, -1, -1, -1, -1, -1, -1),
('HS77', 'Lop05', 'Tin7', -1, -1, -1, -1, -1, -1, -1, -1, -1, -1, -1),
('HS77', 'Lop05', 'Toan7', -1, -1, -1, -1, -1, -1, -1, -1, -1, -1, -1),
('HS77', 'Lop05', 'Van7', -1, -1, -1, -1, -1, -1, -1, -1, -1, -1, -1),
('HS78', 'Lop05', 'Anh7', -1, -1, -1, -1, -1, -1, -1, -1, -1, -1, -1),
('HS78', 'Lop05', 'CongDan7', -1, -1, -1, -1, -1, -1, -1, -1, -1, -1, -1),
('HS78', 'Lop05', 'CongNghe7', -1, -1, -1, -1, -1, -1, -1, -1, -1, -1, -1),
('HS78', 'Lop05', 'DiaLy7', -1, -1, -1, -1, -1, -1, -1, -1, -1, -1, -1),
('HS78', 'Lop05', 'LichSu7', -1, -1, -1, -1, -1, -1, -1, -1, -1, -1, -1),
('HS78', 'Lop05', 'Nhac7', -1, -1, -1, -1, -1, -1, -1, -1, -1, -1, -1),
('HS78', 'Lop05', 'TheDuc7', -1, -1, -1, -1, -1, -1, -1, -1, -1, -1, -1),
('HS78', 'Lop05', 'Tin7', -1, -1, -1, -1, -1, -1, -1, -1, -1, -1, -1),
('HS78', 'Lop05', 'Toan7', -1, -1, -1, -1, -1, -1, -1, -1, -1, -1, -1),
('HS78', 'Lop05', 'Van7', -1, -1, -1, -1, -1, -1, -1, -1, -1, -1, -1),
('HS79', 'Lop05', 'Anh7', -1, -1, -1, -1, -1, -1, -1, -1, -1, -1, -1),
('HS79', 'Lop05', 'CongDan7', -1, -1, -1, -1, -1, -1, -1, -1, -1, -1, -1),
('HS79', 'Lop05', 'CongNghe7', -1, -1, -1, -1, -1, -1, -1, -1, -1, -1, -1),
('HS79', 'Lop05', 'DiaLy7', -1, -1, -1, -1, -1, -1, -1, -1, -1, -1, -1),
('HS79', 'Lop05', 'LichSu7', -1, -1, -1, -1, -1, -1, -1, -1, -1, -1, -1),
('HS79', 'Lop05', 'Nhac7', -1, -1, -1, -1, -1, -1, -1, -1, -1, -1, -1),
('HS79', 'Lop05', 'TheDuc7', -1, -1, -1, -1, -1, -1, -1, -1, -1, -1, -1),
('HS79', 'Lop05', 'Tin7', -1, -1, -1, -1, -1, -1, -1, -1, -1, -1, -1),
('HS79', 'Lop05', 'Toan7', -1, -1, -1, -1, -1, -1, -1, -1, -1, -1, -1),
('HS79', 'Lop05', 'Van7', -1, -1, -1, -1, -1, -1, -1, -1, -1, -1, -1),
('HS8', 'Lop03', 'Anh6', -1, -1, -1, -1, -1, -1, -1, -1, -1, -1, -1),
('HS8', 'Lop03', 'CongDan6', -1, -1, -1, -1, -1, -1, -1, -1, -1, -1, -1),
('HS8', 'Lop03', 'CongNghe6', -1, -1, -1, -1, -1, -1, -1, -1, -1, -1, -1),
('HS8', 'Lop03', 'DiaLy6', -1, -1, -1, -1, -1, -1, -1, -1, -1, -1, -1),
('HS8', 'Lop03', 'LichSu6', -1, -1, -1, -1, -1, -1, -1, -1, -1, -1, -1),
('HS8', 'Lop03', 'Nhac6', -1, -1, -1, -1, -1, -1, -1, -1, -1, -1, -1),
('HS8', 'Lop03', 'TheDuc6', -1, -1, -1, -1, -1, -1, -1, -1, -1, -1, -1),
('HS8', 'Lop03', 'Tin6', -1, -1, -1, -1, -1, -1, -1, -1, -1, -1, -1),
('HS8', 'Lop03', 'Toan6', -1, -1, -1, -1, -1, -1, -1, -1, -1, -1, -1),
('HS8', 'Lop03', 'Van6', -1, -1, -1, -1, -1, -1, -1, -1, -1, -1, -1),
('HS80', 'Lop06', 'Anh7', -1, -1, -1, -1, -1, -1, -1, -1, -1, -1, -1),
('HS80', 'Lop06', 'CongDan7', -1, -1, -1, -1, -1, -1, -1, -1, -1, -1, -1),
('HS80', 'Lop06', 'CongNghe7', -1, -1, -1, -1, -1, -1, -1, -1, -1, -1, -1),
('HS80', 'Lop06', 'DiaLy7', -1, -1, -1, -1, -1, -1, -1, -1, -1, -1, -1),
('HS80', 'Lop06', 'LichSu7', -1, -1, -1, -1, -1, -1, -1, -1, -1, -1, -1),
('HS80', 'Lop06', 'Nhac7', -1, -1, -1, -1, -1, -1, -1, -1, -1, -1, -1),
('HS80', 'Lop06', 'TheDuc7', -1, -1, -1, -1, -1, -1, -1, -1, -1, -1, -1),
('HS80', 'Lop06', 'Tin7', -1, -1, -1, -1, -1, -1, -1, -1, -1, -1, -1),
('HS80', 'Lop06', 'Toan7', -1, -1, -1, -1, -1, -1, -1, -1, -1, -1, -1),
('HS80', 'Lop06', 'Van7', -1, -1, -1, -1, -1, -1, -1, -1, -1, -1, -1),
('HS81', 'Lop06', 'Anh7', -1, -1, -1, -1, -1, -1, -1, -1, -1, -1, -1),
('HS81', 'Lop06', 'CongDan7', -1, -1, -1, -1, -1, -1, -1, -1, -1, -1, -1),
('HS81', 'Lop06', 'CongNghe7', -1, -1, -1, -1, -1, -1, -1, -1, -1, -1, -1),
('HS81', 'Lop06', 'DiaLy7', -1, -1, -1, -1, -1, -1, -1, -1, -1, -1, -1),
('HS81', 'Lop06', 'LichSu7', -1, -1, -1, -1, -1, -1, -1, -1, -1, -1, -1),
('HS81', 'Lop06', 'Nhac7', -1, -1, -1, -1, -1, -1, -1, -1, -1, -1, -1),
('HS81', 'Lop06', 'TheDuc7', -1, -1, -1, -1, -1, -1, -1, -1, -1, -1, -1),
('HS81', 'Lop06', 'Tin7', -1, -1, -1, -1, -1, -1, -1, -1, -1, -1, -1),
('HS81', 'Lop06', 'Toan7', -1, -1, -1, -1, -1, -1, -1, -1, -1, -1, -1),
('HS81', 'Lop06', 'Van7', -1, -1, -1, -1, -1, -1, -1, -1, -1, -1, -1),
('HS82', 'Lop06', 'Anh7', -1, -1, -1, -1, -1, -1, -1, -1, -1, -1, -1),
('HS82', 'Lop06', 'CongDan7', -1, -1, -1, -1, -1, -1, -1, -1, -1, -1, -1),
('HS82', 'Lop06', 'CongNghe7', -1, -1, -1, -1, -1, -1, -1, -1, -1, -1, -1),
('HS82', 'Lop06', 'DiaLy7', -1, -1, -1, -1, -1, -1, -1, -1, -1, -1, -1),
('HS82', 'Lop06', 'LichSu7', -1, -1, -1, -1, -1, -1, -1, -1, -1, -1, -1),
('HS82', 'Lop06', 'Nhac7', -1, -1, -1, -1, -1, -1, -1, -1, -1, -1, -1),
('HS82', 'Lop06', 'TheDuc7', -1, -1, -1, -1, -1, -1, -1, -1, -1, -1, -1),
('HS82', 'Lop06', 'Tin7', -1, -1, -1, -1, -1, -1, -1, -1, -1, -1, -1),
('HS82', 'Lop06', 'Toan7', -1, -1, -1, -1, -1, -1, -1, -1, -1, -1, -1),
('HS82', 'Lop06', 'Van7', -1, -1, -1, -1, -1, -1, -1, -1, -1, -1, -1),
('HS83', 'Lop06', 'Anh7', -1, -1, -1, -1, -1, -1, -1, -1, -1, -1, -1),
('HS83', 'Lop06', 'CongDan7', -1, -1, -1, -1, -1, -1, -1, -1, -1, -1, -1),
('HS83', 'Lop06', 'CongNghe7', -1, -1, -1, -1, -1, -1, -1, -1, -1, -1, -1),
('HS83', 'Lop06', 'DiaLy7', -1, -1, -1, -1, -1, -1, -1, -1, -1, -1, -1),
('HS83', 'Lop06', 'LichSu7', -1, -1, -1, -1, -1, -1, -1, -1, -1, -1, -1),
('HS83', 'Lop06', 'Nhac7', -1, -1, -1, -1, -1, -1, -1, -1, -1, -1, -1);
INSERT INTO `diem` (`MaHS`, `MaLop`, `MaMon`, `Diem15PhutHK1`, `Diem1TietHK1`, `DiemGiuaKyHK1`, `DiemCuoiKyHK1`, `DiemTbHK1`, `Diem15PhutHK2`, `Diem1TietHK2`, `DiemGiuaKyHK2`, `DiemCuoiKyHK2`, `DiemTbHK2`, `DiemTbMon`) VALUES
('HS83', 'Lop06', 'TheDuc7', -1, -1, -1, -1, -1, -1, -1, -1, -1, -1, -1),
('HS83', 'Lop06', 'Tin7', -1, -1, -1, -1, -1, -1, -1, -1, -1, -1, -1),
('HS83', 'Lop06', 'Toan7', -1, -1, -1, -1, -1, -1, -1, -1, -1, -1, -1),
('HS83', 'Lop06', 'Van7', -1, -1, -1, -1, -1, -1, -1, -1, -1, -1, -1),
('HS84', 'Lop06', 'Anh7', -1, -1, -1, -1, -1, -1, -1, -1, -1, -1, -1),
('HS84', 'Lop06', 'CongDan7', -1, -1, -1, -1, -1, -1, -1, -1, -1, -1, -1),
('HS84', 'Lop06', 'CongNghe7', -1, -1, -1, -1, -1, -1, -1, -1, -1, -1, -1),
('HS84', 'Lop06', 'DiaLy7', -1, -1, -1, -1, -1, -1, -1, -1, -1, -1, -1),
('HS84', 'Lop06', 'LichSu7', -1, -1, -1, -1, -1, -1, -1, -1, -1, -1, -1),
('HS84', 'Lop06', 'Nhac7', -1, -1, -1, -1, -1, -1, -1, -1, -1, -1, -1),
('HS84', 'Lop06', 'TheDuc7', -1, -1, -1, -1, -1, -1, -1, -1, -1, -1, -1),
('HS84', 'Lop06', 'Tin7', -1, -1, -1, -1, -1, -1, -1, -1, -1, -1, -1),
('HS84', 'Lop06', 'Toan7', -1, -1, -1, -1, -1, -1, -1, -1, -1, -1, -1),
('HS84', 'Lop06', 'Van7', -1, -1, -1, -1, -1, -1, -1, -1, -1, -1, -1),
('HS85', 'Lop06', 'Anh7', -1, -1, -1, -1, -1, -1, -1, -1, -1, -1, -1),
('HS85', 'Lop06', 'CongDan7', -1, -1, -1, -1, -1, -1, -1, -1, -1, -1, -1),
('HS85', 'Lop06', 'CongNghe7', -1, -1, -1, -1, -1, -1, -1, -1, -1, -1, -1),
('HS85', 'Lop06', 'DiaLy7', -1, -1, -1, -1, -1, -1, -1, -1, -1, -1, -1),
('HS85', 'Lop06', 'LichSu7', -1, -1, -1, -1, -1, -1, -1, -1, -1, -1, -1),
('HS85', 'Lop06', 'Nhac7', -1, -1, -1, -1, -1, -1, -1, -1, -1, -1, -1),
('HS85', 'Lop06', 'TheDuc7', -1, -1, -1, -1, -1, -1, -1, -1, -1, -1, -1),
('HS85', 'Lop06', 'Tin7', -1, -1, -1, -1, -1, -1, -1, -1, -1, -1, -1),
('HS85', 'Lop06', 'Toan7', -1, -1, -1, -1, -1, -1, -1, -1, -1, -1, -1),
('HS85', 'Lop06', 'Van7', -1, -1, -1, -1, -1, -1, -1, -1, -1, -1, -1),
('HS86', 'Lop06', 'Anh7', -1, -1, -1, -1, -1, -1, -1, -1, -1, -1, -1),
('HS86', 'Lop06', 'CongDan7', -1, -1, -1, -1, -1, -1, -1, -1, -1, -1, -1),
('HS86', 'Lop06', 'CongNghe7', -1, -1, -1, -1, -1, -1, -1, -1, -1, -1, -1),
('HS86', 'Lop06', 'DiaLy7', -1, -1, -1, -1, -1, -1, -1, -1, -1, -1, -1),
('HS86', 'Lop06', 'LichSu7', -1, -1, -1, -1, -1, -1, -1, -1, -1, -1, -1),
('HS86', 'Lop06', 'Nhac7', -1, -1, -1, -1, -1, -1, -1, -1, -1, -1, -1),
('HS86', 'Lop06', 'TheDuc7', -1, -1, -1, -1, -1, -1, -1, -1, -1, -1, -1),
('HS86', 'Lop06', 'Tin7', -1, -1, -1, -1, -1, -1, -1, -1, -1, -1, -1),
('HS86', 'Lop06', 'Toan7', -1, -1, -1, -1, -1, -1, -1, -1, -1, -1, -1),
('HS86', 'Lop06', 'Van7', -1, -1, -1, -1, -1, -1, -1, -1, -1, -1, -1),
('HS87', 'Lop06', 'Anh7', -1, -1, -1, -1, -1, -1, -1, -1, -1, -1, -1),
('HS87', 'Lop06', 'CongDan7', -1, -1, -1, -1, -1, -1, -1, -1, -1, -1, -1),
('HS87', 'Lop06', 'CongNghe7', -1, -1, -1, -1, -1, -1, -1, -1, -1, -1, -1),
('HS87', 'Lop06', 'DiaLy7', -1, -1, -1, -1, -1, -1, -1, -1, -1, -1, -1),
('HS87', 'Lop06', 'LichSu7', -1, -1, -1, -1, -1, -1, -1, -1, -1, -1, -1),
('HS87', 'Lop06', 'Nhac7', -1, -1, -1, -1, -1, -1, -1, -1, -1, -1, -1),
('HS87', 'Lop06', 'TheDuc7', -1, -1, -1, -1, -1, -1, -1, -1, -1, -1, -1),
('HS87', 'Lop06', 'Tin7', -1, -1, -1, -1, -1, -1, -1, -1, -1, -1, -1),
('HS87', 'Lop06', 'Toan7', -1, -1, -1, -1, -1, -1, -1, -1, -1, -1, -1),
('HS87', 'Lop06', 'Van7', -1, -1, -1, -1, -1, -1, -1, -1, -1, -1, -1),
('HS88', 'Lop06', 'Anh7', -1, -1, -1, -1, -1, -1, -1, -1, -1, -1, -1),
('HS88', 'Lop06', 'CongDan7', -1, -1, -1, -1, -1, -1, -1, -1, -1, -1, -1),
('HS88', 'Lop06', 'CongNghe7', -1, -1, -1, -1, -1, -1, -1, -1, -1, -1, -1),
('HS88', 'Lop06', 'DiaLy7', -1, -1, -1, -1, -1, -1, -1, -1, -1, -1, -1),
('HS88', 'Lop06', 'LichSu7', -1, -1, -1, -1, -1, -1, -1, -1, -1, -1, -1),
('HS88', 'Lop06', 'Nhac7', -1, -1, -1, -1, -1, -1, -1, -1, -1, -1, -1),
('HS88', 'Lop06', 'TheDuc7', -1, -1, -1, -1, -1, -1, -1, -1, -1, -1, -1),
('HS88', 'Lop06', 'Tin7', -1, -1, -1, -1, -1, -1, -1, -1, -1, -1, -1),
('HS88', 'Lop06', 'Toan7', -1, -1, -1, -1, -1, -1, -1, -1, -1, -1, -1),
('HS88', 'Lop06', 'Van7', -1, -1, -1, -1, -1, -1, -1, -1, -1, -1, -1),
('HS89', 'Lop05', 'Anh7', -1, -1, -1, -1, -1, -1, -1, -1, -1, -1, -1),
('HS89', 'Lop05', 'CongDan7', -1, -1, -1, -1, -1, -1, -1, -1, -1, -1, -1),
('HS89', 'Lop05', 'CongNghe7', -1, -1, -1, -1, -1, -1, -1, -1, -1, -1, -1),
('HS89', 'Lop05', 'DiaLy7', -1, -1, -1, -1, -1, -1, -1, -1, -1, -1, -1),
('HS89', 'Lop05', 'LichSu7', -1, -1, -1, -1, -1, -1, -1, -1, -1, -1, -1),
('HS89', 'Lop05', 'Nhac7', -1, -1, -1, -1, -1, -1, -1, -1, -1, -1, -1),
('HS89', 'Lop05', 'TheDuc7', -1, -1, -1, -1, -1, -1, -1, -1, -1, -1, -1),
('HS89', 'Lop05', 'Tin7', -1, -1, -1, -1, -1, -1, -1, -1, -1, -1, -1),
('HS89', 'Lop05', 'Toan7', -1, -1, -1, -1, -1, -1, -1, -1, -1, -1, -1),
('HS89', 'Lop05', 'Van7', -1, -1, -1, -1, -1, -1, -1, -1, -1, -1, -1),
('HS9', 'Lop03', 'Anh6', -1, -1, -1, -1, -1, -1, -1, -1, -1, -1, -1),
('HS9', 'Lop03', 'CongDan6', -1, -1, -1, -1, -1, -1, -1, -1, -1, -1, -1),
('HS9', 'Lop03', 'CongNghe6', -1, -1, -1, -1, -1, -1, -1, -1, -1, -1, -1),
('HS9', 'Lop03', 'DiaLy6', -1, -1, -1, -1, -1, -1, -1, -1, -1, -1, -1),
('HS9', 'Lop03', 'LichSu6', -1, -1, -1, -1, -1, -1, -1, -1, -1, -1, -1),
('HS9', 'Lop03', 'Nhac6', -1, -1, -1, -1, -1, -1, -1, -1, -1, -1, -1),
('HS9', 'Lop03', 'TheDuc6', -1, -1, -1, -1, -1, -1, -1, -1, -1, -1, -1),
('HS9', 'Lop03', 'Tin6', -1, -1, -1, -1, -1, -1, -1, -1, -1, -1, -1),
('HS9', 'Lop03', 'Toan6', -1, -1, -1, -1, -1, -1, -1, -1, -1, -1, -1),
('HS9', 'Lop03', 'Van6', -1, -1, -1, -1, -1, -1, -1, -1, -1, -1, -1),
('HS90', 'Lop06', 'Anh7', -1, -1, -1, -1, -1, -1, -1, -1, -1, -1, -1),
('HS90', 'Lop06', 'CongDan7', -1, -1, -1, -1, -1, -1, -1, -1, -1, -1, -1),
('HS90', 'Lop06', 'CongNghe7', -1, -1, -1, -1, -1, -1, -1, -1, -1, -1, -1),
('HS90', 'Lop06', 'DiaLy7', -1, -1, -1, -1, -1, -1, -1, -1, -1, -1, -1),
('HS90', 'Lop06', 'LichSu7', -1, -1, -1, -1, -1, -1, -1, -1, -1, -1, -1),
('HS90', 'Lop06', 'Nhac7', -1, -1, -1, -1, -1, -1, -1, -1, -1, -1, -1),
('HS90', 'Lop06', 'TheDuc7', -1, -1, -1, -1, -1, -1, -1, -1, -1, -1, -1),
('HS90', 'Lop06', 'Tin7', -1, -1, -1, -1, -1, -1, -1, -1, -1, -1, -1),
('HS90', 'Lop06', 'Toan7', -1, -1, -1, -1, -1, -1, -1, -1, -1, -1, -1),
('HS90', 'Lop06', 'Van7', -1, -1, -1, -1, -1, -1, -1, -1, -1, -1, -1),
('HS91', 'Lop06', 'Anh7', -1, -1, -1, -1, -1, -1, -1, -1, -1, -1, -1),
('HS91', 'Lop06', 'CongDan7', -1, -1, -1, -1, -1, -1, -1, -1, -1, -1, -1),
('HS91', 'Lop06', 'CongNghe7', -1, -1, -1, -1, -1, -1, -1, -1, -1, -1, -1),
('HS91', 'Lop06', 'DiaLy7', -1, -1, -1, -1, -1, -1, -1, -1, -1, -1, -1),
('HS91', 'Lop06', 'LichSu7', -1, -1, -1, -1, -1, -1, -1, -1, -1, -1, -1),
('HS91', 'Lop06', 'Nhac7', -1, -1, -1, -1, -1, -1, -1, -1, -1, -1, -1),
('HS91', 'Lop06', 'TheDuc7', -1, -1, -1, -1, -1, -1, -1, -1, -1, -1, -1),
('HS91', 'Lop06', 'Tin7', -1, -1, -1, -1, -1, -1, -1, -1, -1, -1, -1),
('HS91', 'Lop06', 'Toan7', -1, -1, -1, -1, -1, -1, -1, -1, -1, -1, -1),
('HS91', 'Lop06', 'Van7', -1, -1, -1, -1, -1, -1, -1, -1, -1, -1, -1),
('HS92', 'Lop06', 'Anh7', -1, -1, -1, -1, -1, -1, -1, -1, -1, -1, -1),
('HS92', 'Lop06', 'CongDan7', -1, -1, -1, -1, -1, -1, -1, -1, -1, -1, -1),
('HS92', 'Lop06', 'CongNghe7', -1, -1, -1, -1, -1, -1, -1, -1, -1, -1, -1),
('HS92', 'Lop06', 'DiaLy7', -1, -1, -1, -1, -1, -1, -1, -1, -1, -1, -1),
('HS92', 'Lop06', 'LichSu7', -1, -1, -1, -1, -1, -1, -1, -1, -1, -1, -1),
('HS92', 'Lop06', 'Nhac7', -1, -1, -1, -1, -1, -1, -1, -1, -1, -1, -1),
('HS92', 'Lop06', 'TheDuc7', -1, -1, -1, -1, -1, -1, -1, -1, -1, -1, -1),
('HS92', 'Lop06', 'Tin7', -1, -1, -1, -1, -1, -1, -1, -1, -1, -1, -1),
('HS92', 'Lop06', 'Toan7', -1, -1, -1, -1, -1, -1, -1, -1, -1, -1, -1),
('HS92', 'Lop06', 'Van7', -1, -1, -1, -1, -1, -1, -1, -1, -1, -1, -1),
('HS93', 'Lop06', 'Anh7', -1, -1, -1, -1, -1, -1, -1, -1, -1, -1, -1),
('HS93', 'Lop06', 'CongDan7', -1, -1, -1, -1, -1, -1, -1, -1, -1, -1, -1),
('HS93', 'Lop06', 'CongNghe7', -1, -1, -1, -1, -1, -1, -1, -1, -1, -1, -1),
('HS93', 'Lop06', 'DiaLy7', -1, -1, -1, -1, -1, -1, -1, -1, -1, -1, -1),
('HS93', 'Lop06', 'LichSu7', -1, -1, -1, -1, -1, -1, -1, -1, -1, -1, -1),
('HS93', 'Lop06', 'Nhac7', -1, -1, -1, -1, -1, -1, -1, -1, -1, -1, -1),
('HS93', 'Lop06', 'TheDuc7', -1, -1, -1, -1, -1, -1, -1, -1, -1, -1, -1),
('HS93', 'Lop06', 'Tin7', -1, -1, -1, -1, -1, -1, -1, -1, -1, -1, -1),
('HS93', 'Lop06', 'Toan7', -1, -1, -1, -1, -1, -1, -1, -1, -1, -1, -1),
('HS93', 'Lop06', 'Van7', -1, -1, -1, -1, -1, -1, -1, -1, -1, -1, -1),
('HS94', 'Lop06', 'Anh7', -1, -1, -1, -1, -1, -1, -1, -1, -1, -1, -1),
('HS94', 'Lop06', 'CongDan7', -1, -1, -1, -1, -1, -1, -1, -1, -1, -1, -1),
('HS94', 'Lop06', 'CongNghe7', -1, -1, -1, -1, -1, -1, -1, -1, -1, -1, -1),
('HS94', 'Lop06', 'DiaLy7', -1, -1, -1, -1, -1, -1, -1, -1, -1, -1, -1),
('HS94', 'Lop06', 'LichSu7', -1, -1, -1, -1, -1, -1, -1, -1, -1, -1, -1),
('HS94', 'Lop06', 'Nhac7', -1, -1, -1, -1, -1, -1, -1, -1, -1, -1, -1),
('HS94', 'Lop06', 'TheDuc7', -1, -1, -1, -1, -1, -1, -1, -1, -1, -1, -1),
('HS94', 'Lop06', 'Tin7', -1, -1, -1, -1, -1, -1, -1, -1, -1, -1, -1),
('HS94', 'Lop06', 'Toan7', -1, -1, -1, -1, -1, -1, -1, -1, -1, -1, -1),
('HS94', 'Lop06', 'Van7', -1, -1, -1, -1, -1, -1, -1, -1, -1, -1, -1),
('HS95', 'Lop06', 'Anh7', -1, -1, -1, -1, -1, -1, -1, -1, -1, -1, -1),
('HS95', 'Lop06', 'CongDan7', -1, -1, -1, -1, -1, -1, -1, -1, -1, -1, -1),
('HS95', 'Lop06', 'CongNghe7', -1, -1, -1, -1, -1, -1, -1, -1, -1, -1, -1),
('HS95', 'Lop06', 'DiaLy7', -1, -1, -1, -1, -1, -1, -1, -1, -1, -1, -1),
('HS95', 'Lop06', 'LichSu7', -1, -1, -1, -1, -1, -1, -1, -1, -1, -1, -1),
('HS95', 'Lop06', 'Nhac7', -1, -1, -1, -1, -1, -1, -1, -1, -1, -1, -1),
('HS95', 'Lop06', 'TheDuc7', -1, -1, -1, -1, -1, -1, -1, -1, -1, -1, -1),
('HS95', 'Lop06', 'Tin7', -1, -1, -1, -1, -1, -1, -1, -1, -1, -1, -1),
('HS95', 'Lop06', 'Toan7', -1, -1, -1, -1, -1, -1, -1, -1, -1, -1, -1),
('HS95', 'Lop06', 'Van7', -1, -1, -1, -1, -1, -1, -1, -1, -1, -1, -1),
('HS96', 'Lop06', 'Anh7', -1, -1, -1, -1, -1, -1, -1, -1, -1, -1, -1),
('HS96', 'Lop06', 'CongDan7', -1, -1, -1, -1, -1, -1, -1, -1, -1, -1, -1),
('HS96', 'Lop06', 'CongNghe7', -1, -1, -1, -1, -1, -1, -1, -1, -1, -1, -1),
('HS96', 'Lop06', 'DiaLy7', -1, -1, -1, -1, -1, -1, -1, -1, -1, -1, -1),
('HS96', 'Lop06', 'LichSu7', -1, -1, -1, -1, -1, -1, -1, -1, -1, -1, -1),
('HS96', 'Lop06', 'Nhac7', -1, -1, -1, -1, -1, -1, -1, -1, -1, -1, -1),
('HS96', 'Lop06', 'TheDuc7', -1, -1, -1, -1, -1, -1, -1, -1, -1, -1, -1),
('HS96', 'Lop06', 'Tin7', -1, -1, -1, -1, -1, -1, -1, -1, -1, -1, -1),
('HS96', 'Lop06', 'Toan7', -1, -1, -1, -1, -1, -1, -1, -1, -1, -1, -1),
('HS96', 'Lop06', 'Van7', -1, -1, -1, -1, -1, -1, -1, -1, -1, -1, -1),
('HS97', 'Lop06', 'Anh7', -1, -1, -1, -1, -1, -1, -1, -1, -1, -1, -1),
('HS97', 'Lop06', 'CongDan7', -1, -1, -1, -1, -1, -1, -1, -1, -1, -1, -1),
('HS97', 'Lop06', 'CongNghe7', -1, -1, -1, -1, -1, -1, -1, -1, -1, -1, -1),
('HS97', 'Lop06', 'DiaLy7', -1, -1, -1, -1, -1, -1, -1, -1, -1, -1, -1),
('HS97', 'Lop06', 'LichSu7', -1, -1, -1, -1, -1, -1, -1, -1, -1, -1, -1),
('HS97', 'Lop06', 'Nhac7', -1, -1, -1, -1, -1, -1, -1, -1, -1, -1, -1),
('HS97', 'Lop06', 'TheDuc7', -1, -1, -1, -1, -1, -1, -1, -1, -1, -1, -1),
('HS97', 'Lop06', 'Tin7', -1, -1, -1, -1, -1, -1, -1, -1, -1, -1, -1),
('HS97', 'Lop06', 'Toan7', -1, -1, -1, -1, -1, -1, -1, -1, -1, -1, -1),
('HS97', 'Lop06', 'Van7', -1, -1, -1, -1, -1, -1, -1, -1, -1, -1, -1),
('HS98', 'Lop06', 'Anh7', -1, -1, -1, -1, -1, -1, -1, -1, -1, -1, -1),
('HS98', 'Lop06', 'CongDan7', -1, -1, -1, -1, -1, -1, -1, -1, -1, -1, -1),
('HS98', 'Lop06', 'CongNghe7', -1, -1, -1, -1, -1, -1, -1, -1, -1, -1, -1),
('HS98', 'Lop06', 'DiaLy7', -1, -1, -1, -1, -1, -1, -1, -1, -1, -1, -1),
('HS98', 'Lop06', 'LichSu7', -1, -1, -1, -1, -1, -1, -1, -1, -1, -1, -1),
('HS98', 'Lop06', 'Nhac7', -1, -1, -1, -1, -1, -1, -1, -1, -1, -1, -1),
('HS98', 'Lop06', 'TheDuc7', -1, -1, -1, -1, -1, -1, -1, -1, -1, -1, -1),
('HS98', 'Lop06', 'Tin7', -1, -1, -1, -1, -1, -1, -1, -1, -1, -1, -1),
('HS98', 'Lop06', 'Toan7', -1, -1, -1, -1, -1, -1, -1, -1, -1, -1, -1),
('HS98', 'Lop06', 'Van7', -1, -1, -1, -1, -1, -1, -1, -1, -1, -1, -1),
('HS99', 'Lop06', 'Anh7', -1, -1, -1, -1, -1, -1, -1, -1, -1, -1, -1),
('HS99', 'Lop06', 'CongDan7', -1, -1, -1, -1, -1, -1, -1, -1, -1, -1, -1),
('HS99', 'Lop06', 'CongNghe7', -1, -1, -1, -1, -1, -1, -1, -1, -1, -1, -1),
('HS99', 'Lop06', 'DiaLy7', -1, -1, -1, -1, -1, -1, -1, -1, -1, -1, -1),
('HS99', 'Lop06', 'LichSu7', -1, -1, -1, -1, -1, -1, -1, -1, -1, -1, -1),
('HS99', 'Lop06', 'Nhac7', -1, -1, -1, -1, -1, -1, -1, -1, -1, -1, -1),
('HS99', 'Lop06', 'TheDuc7', -1, -1, -1, -1, -1, -1, -1, -1, -1, -1, -1),
('HS99', 'Lop06', 'Tin7', -1, -1, -1, -1, -1, -1, -1, -1, -1, -1, -1),
('HS99', 'Lop06', 'Toan7', -1, -1, -1, -1, -1, -1, -1, -1, -1, -1, -1),
('HS99', 'Lop06', 'Van7', -1, -1, -1, -1, -1, -1, -1, -1, -1, -1, -1);

-- --------------------------------------------------------

--
-- Cấu trúc bảng cho bảng `diemtbnam`
--

CREATE TABLE `diemtbnam` (
  `MaHS` varchar(50) COLLATE utf8mb4_bin NOT NULL,
  `NamHoc` varchar(50) COLLATE utf8mb4_bin NOT NULL,
  `DiemTBNam` float DEFAULT NULL
) ENGINE=InnoDB DEFAULT CHARSET=utf8mb4 COLLATE=utf8mb4_bin;

--
-- Đang đổ dữ liệu cho bảng `diemtbnam`
--

INSERT INTO `diemtbnam` (`MaHS`, `NamHoc`, `DiemTBNam`) VALUES
('HS001', '2020-2021', 7.54),
('HS001', '2021-2022', -1),
('HS002', '2020-2021', 6.76),
('HS002', '2021-2022', -1),
('HS003', '2020-2021', 6.77),
('HS003', '2021-2022', -1),
('HS004', '2020-2021', 7.175),
('HS004', '2021-2022', -1),
('HS005', '2020-2021', 6.18),
('HS005', '2021-2022', -1),
('HS1', '2021-2022', -1),
('HS10', '2021-2022', -1),
('HS100', '2021-2022', -1),
('HS101', '2021-2022', -1),
('HS102', '2021-2022', -1),
('HS103', '2021-2022', -1),
('HS104', '2021-2022', -1),
('HS105', '2021-2022', -1),
('HS106', '2021-2022', -1),
('HS107', '2021-2022', -1),
('HS108', '2021-2022', -1),
('HS109', '2021-2022', -1),
('HS11', '2021-2022', -1),
('HS110', '2021-2022', -1),
('HS111', '2021-2022', -1),
('HS112', '2021-2022', -1),
('HS113', '2021-2022', -1),
('HS114', '2021-2022', -1),
('HS115', '2021-2022', -1),
('HS116', '2021-2022', -1),
('HS117', '2021-2022', -1),
('HS118', '2021-2022', -1),
('HS119', '2021-2022', -1),
('HS12', '2021-2022', -1),
('HS120', '2021-2022', -1),
('HS121', '2021-2022', -1),
('HS122', '2021-2022', -1),
('HS123', '2021-2022', -1),
('HS124', '2021-2022', -1),
('HS125', '2021-2022', -1),
('HS126', '2021-2022', -1),
('HS127', '2021-2022', -1),
('HS128', '2021-2022', -1),
('HS129', '2021-2022', -1),
('HS13', '2021-2022', -1),
('HS130', '2021-2022', -1),
('HS131', '2021-2022', -1),
('HS132', '2021-2022', -1),
('HS133', '2021-2022', -1),
('HS134', '2021-2022', -1),
('HS135', '2021-2022', -1),
('HS136', '2021-2022', -1),
('HS137', '2021-2022', -1),
('HS138', '2021-2022', -1),
('HS139', '2021-2022', -1),
('HS14', '2021-2022', -1),
('HS140', '2021-2022', -1),
('HS141', '2021-2022', -1),
('HS142', '2021-2022', -1),
('HS143', '2021-2022', -1),
('HS144', '2021-2022', -1),
('HS145', '2021-2022', -1),
('HS146', '2021-2022', -1),
('HS147', '2021-2022', -1),
('HS148', '2021-2022', -1),
('HS149', '2021-2022', -1),
('HS15', '2021-2022', -1),
('HS150', '2021-2022', -1),
('HS151', '2021-2022', -1),
('HS152', '2021-2022', -1),
('HS153', '2021-2022', -1),
('HS154', '2021-2022', -1),
('HS155', '2021-2022', -1),
('HS156', '2021-2022', -1),
('HS157', '2021-2022', -1),
('HS158', '2021-2022', -1),
('HS159', '2021-2022', -1),
('HS16', '2021-2022', -1),
('HS160', '2021-2022', -1),
('HS161', '2021-2022', -1),
('HS162', '2021-2022', -1),
('HS163', '2021-2022', -1),
('HS164', '2021-2022', -1),
('HS165', '2021-2022', -1),
('HS166', '2021-2022', -1),
('HS167', '2021-2022', -1),
('HS168', '2021-2022', -1),
('HS169', '2021-2022', -1),
('HS17', '2021-2022', -1),
('HS170', '2021-2022', -1),
('HS171', '2021-2022', -1),
('HS172', '2021-2022', -1),
('HS173', '2021-2022', -1),
('HS174', '2021-2022', -1),
('HS175', '2021-2022', -1),
('HS176', '2021-2022', -1),
('HS177', '2021-2022', -1),
('HS178', '2021-2022', -1),
('HS179', '2021-2022', -1),
('HS18', '2021-2022', -1),
('HS180', '2021-2022', -1),
('HS181', '2021-2022', -1),
('HS182', '2021-2022', -1),
('HS183', '2021-2022', -1),
('HS184', '2021-2022', -1),
('HS185', '2021-2022', -1),
('HS186', '2021-2022', -1),
('HS187', '2021-2022', -1),
('HS188', '2021-2022', -1),
('HS189', '2021-2022', -1),
('HS19', '2021-2022', -1),
('HS190', '2021-2022', -1),
('HS191', '2021-2022', -1),
('HS192', '2021-2022', -1),
('HS193', '2021-2022', -1),
('HS194', '2021-2022', -1),
('HS195', '2021-2022', -1),
('HS196', '2021-2022', -1),
('HS197', '2021-2022', -1),
('HS198', '2021-2022', -1),
('HS199', '2021-2022', -1),
('HS2', '2021-2022', -1),
('HS20', '2021-2022', -1),
('HS200', '2021-2022', -1),
('HS21', '2021-2022', -1),
('HS22', '2021-2022', -1),
('HS23', '2021-2022', -1),
('HS24', '2021-2022', -1),
('HS25', '2021-2022', -1),
('HS26', '2021-2022', -1),
('HS27', '2021-2022', -1),
('HS28', '2021-2022', -1),
('HS29', '2021-2022', -1),
('HS3', '2021-2022', -1),
('HS30', '2021-2022', -1),
('HS31', '2021-2022', -1),
('HS32', '2021-2022', -1),
('HS33', '2021-2022', -1),
('HS34', '2021-2022', -1),
('HS35', '2021-2022', -1),
('HS36', '2021-2022', -1),
('HS37', '2021-2022', -1),
('HS38', '2021-2022', -1),
('HS39', '2021-2022', -1),
('HS4', '2021-2022', -1),
('HS40', '2021-2022', -1),
('HS41', '2021-2022', -1),
('HS42', '2021-2022', -1),
('HS43', '2021-2022', -1),
('HS44', '2021-2022', -1),
('HS45', '2021-2022', -1),
('HS46', '2021-2022', -1),
('HS47', '2021-2022', -1),
('HS48', '2021-2022', -1),
('HS49', '2021-2022', -1),
('HS5', '2021-2022', -1),
('HS50', '2021-2022', -1),
('HS51', '2021-2022', -1),
('HS52', '2021-2022', -1),
('HS53', '2021-2022', -1),
('HS54', '2021-2022', -1),
('HS55', '2021-2022', -1),
('HS56', '2021-2022', -1),
('HS57', '2021-2022', -1),
('HS58', '2021-2022', -1),
('HS59', '2021-2022', -1),
('HS6', '2021-2022', -1),
('HS60', '2021-2022', -1),
('HS61', '2021-2022', -1),
('HS62', '2021-2022', -1),
('HS63', '2021-2022', -1),
('HS64', '2021-2022', -1),
('HS65', '2021-2022', -1),
('HS66', '2021-2022', -1),
('HS67', '2021-2022', -1),
('HS68', '2021-2022', -1),
('HS69', '2021-2022', -1),
('HS7', '2021-2022', -1),
('HS70', '2021-2022', -1),
('HS71', '2021-2022', -1),
('HS72', '2021-2022', -1),
('HS73', '2021-2022', -1),
('HS74', '2021-2022', -1),
('HS75', '2021-2022', -1),
('HS76', '2021-2022', -1),
('HS77', '2021-2022', -1),
('HS78', '2021-2022', -1),
('HS79', '2021-2022', -1),
('HS8', '2021-2022', -1),
('HS80', '2021-2022', -1),
('HS81', '2021-2022', -1),
('HS82', '2021-2022', -1),
('HS83', '2021-2022', -1),
('HS84', '2021-2022', -1),
('HS85', '2021-2022', -1),
('HS86', '2021-2022', -1),
('HS87', '2021-2022', -1),
('HS88', '2021-2022', -1),
('HS89', '2021-2022', -1),
('HS9', '2021-2022', -1),
('HS90', '2021-2022', -1),
('HS91', '2021-2022', -1),
('HS92', '2021-2022', -1),
('HS93', '2021-2022', -1),
('HS94', '2021-2022', -1),
('HS95', '2021-2022', -1),
('HS96', '2021-2022', -1),
('HS97', '2021-2022', -1),
('HS98', '2021-2022', -1),
('HS99', '2021-2022', -1);

-- --------------------------------------------------------

--
-- Cấu trúc bảng cho bảng `giaovien`
--

CREATE TABLE `giaovien` (
  `MaGV` varchar(50) COLLATE utf8mb4_bin NOT NULL,
  `Pass` varchar(200) COLLATE utf8mb4_bin NOT NULL,
  `TenGV` varchar(200) CHARACTER SET utf8 NOT NULL,
  `DienThoai` varchar(12) COLLATE utf8mb4_bin NOT NULL,
  `DiaChi` varchar(200) CHARACTER SET utf8 NOT NULL,
  `GhiChu` varchar(200) CHARACTER SET utf8 NOT NULL,
  `MaBoMon` varchar(50) COLLATE utf8mb4_bin NOT NULL
) ENGINE=InnoDB DEFAULT CHARSET=utf8mb4 COLLATE=utf8mb4_bin;

--
-- Đang đổ dữ liệu cho bảng `giaovien`
--

INSERT INTO `giaovien` (`MaGV`, `Pass`, `TenGV`, `DienThoai`, `DiaChi`, `GhiChu`, `MaBoMon`) VALUES
('GV1', '12345', 'Phạm Thanh Loan', '03326336962', 'Hà Nội', '', 'TuNhien'),
('GV10', '12345', 'Nguyễn Linh Bảo', '03643471061', 'Thái Bình', '', 'XaHoi'),
('GV11', '12345', 'Ngô Phương Tường', '03257650277', 'Thái Bình', '', 'TuNhien'),
('GV12', '12345', 'Ngô Bảo Tường', '03411837598', 'Nam Định', '', 'XaHoi'),
('GV13', '12345', 'Lê Hà Phương', '03946314989', 'Nam Định', '', 'TuNhien'),
('GV14', '12345', 'Phạm Thị Tường', '03173569124', 'Thái Bình', '', 'XaHoi'),
('GV15', '12345', 'Phạm Phương Dung', '03943137793', 'Hà Nam', '', 'XaHoi'),
('GV16', '12345', 'Lý Anh Bảo', '03350501239', 'Hà Nội', '', 'XaHoi'),
('GV17', '12345', 'Hoàng Bảo Dũng', '03611591896', 'Hà Nam', '', 'XaHoi'),
('GV18', '12345', 'Đỗ Anh Dũng', '03298748696', 'Hà Nam', '', 'TuNhien'),
('GV19', '12345', 'Phạm Linh Chi', '03132728152', 'Thái Bình', '', 'TuNhien'),
('GV2', '12345', 'Lý Xuân Thu', '03421278176', 'Hải Dương', '', 'TuNhien'),
('GV20', '12345', 'Bùi Bảo Tường', '03238393815', 'Nam Định', '', 'XaHoi'),
('GV3', '12345', 'Hoàng Thị Bảo', '03504765074', 'Thái Bình', '', 'TuNhien'),
('GV4', '12345', 'Ngô Thảo Châu', '03297104630', 'Nam Định', '', 'XaHoi'),
('GV5', '12345', 'Vũ Thanh Thảo', '03476302801', 'Nam Định', '', 'XaHoi'),
('GV6', '12345', 'Đỗ Thanh Châu', '03633538755', 'Hà Nam', '', 'XaHoi'),
('GV7', '12345', 'Vũ Thảo Thư', '03395393031', 'Hà Nam', '', 'TuNhien'),
('GV8', '12345', 'Hoàng Bảo Phương', '03373541302', 'Thái Bình', '', 'TuNhien'),
('GV9', '12345', 'Ngô Bảo Chi', '03115186852', 'Thái Bình', '', 'XaHoi');

-- --------------------------------------------------------

--
-- Cấu trúc bảng cho bảng `hesotinhdiem`
--

CREATE TABLE `hesotinhdiem` (
  `Diem15` int(11) NOT NULL,
  `Diem1Tiet` int(11) NOT NULL,
  `DiemGK` int(11) NOT NULL,
  `DiemCK` int(11) NOT NULL
) ENGINE=InnoDB DEFAULT CHARSET=utf8mb4 COLLATE=utf8mb4_bin;

--
-- Đang đổ dữ liệu cho bảng `hesotinhdiem`
--

INSERT INTO `hesotinhdiem` (`Diem15`, `Diem1Tiet`, `DiemGK`, `DiemCK`) VALUES
(1, 2, 3, 4);

-- --------------------------------------------------------

--
-- Cấu trúc bảng cho bảng `hocky`
--

CREATE TABLE `hocky` (
  `HocKy` varchar(50) COLLATE utf8mb4_bin NOT NULL
) ENGINE=InnoDB DEFAULT CHARSET=utf8mb4 COLLATE=utf8mb4_bin;

--
-- Đang đổ dữ liệu cho bảng `hocky`
--

INSERT INTO `hocky` (`HocKy`) VALUES
('1'),
('2');

-- --------------------------------------------------------

--
-- Cấu trúc bảng cho bảng `hocsinh`
--

CREATE TABLE `hocsinh` (
  `MaHS` varchar(50) COLLATE utf8mb4_bin NOT NULL,
  `Pass` varchar(200) COLLATE utf8mb4_bin NOT NULL,
  `TenHS` varchar(200) CHARACTER SET utf8 NOT NULL,
  `NgaySinh` date NOT NULL,
  `GioiTinh` varchar(5) COLLATE utf8mb4_bin NOT NULL,
  `DiaChi` varchar(200) CHARACTER SET utf8 NOT NULL,
  `PhuHuynh` varchar(200) CHARACTER SET utf8 NOT NULL,
  `SoDTPhuHuynh` varchar(12) COLLATE utf8mb4_bin NOT NULL,
  `TinhTrang` varchar(50) CHARACTER SET utf8 NOT NULL
) ENGINE=InnoDB DEFAULT CHARSET=utf8mb4 COLLATE=utf8mb4_bin;

--
-- Đang đổ dữ liệu cho bảng `hocsinh`
--

INSERT INTO `hocsinh` (`MaHS`, `Pass`, `TenHS`, `NgaySinh`, `GioiTinh`, `DiaChi`, `PhuHuynh`, `SoDTPhuHuynh`, `TinhTrang`) VALUES
('HS001', '12345', 'Nguyễn Văn An', '2010-01-02', 'nam', 'Thái Bình', 'Nguyễn Văn Bình', '0213586497', 'đang học'),
('HS002', '12345', 'Nguyễn Văn Lâm', '2010-01-03', 'nữ', 'Thái Bình', 'Nguyễn Văn Long', '0213856844', 'đang học'),
('HS003', '12345', 'Nguyễn Văn Bảo', '2010-03-06', 'nam', 'Thái Bình', 'Nguyễn Văn Linh', '0213854852', 'đang học'),
('HS004', '12345', 'Nguyễn Văn Hoàng', '2010-04-02', 'nam', 'Thái Bình', 'Nguyễn Văn Chín', '0213588895', 'đang học'),
('HS005', '12345', 'Nguyễn Văn Nam', '2010-05-02', 'nữ', 'Thái Bình', 'Nguyễn Văn Bình', '0213889845', 'đang học'),
('HS1', '123456', 'Lê Thanh Hương', '2010-10-05', 'nữ', 'Thái Bình', 'Lê Thanh Toàn', '0386925254', 'đang học'),
('HS10', '12345', 'Phạm Thanh Thu', '2010-10-24', 'nữ', 'Thái Bình', 'Lê Bảo Chi', '03196743170', 'đang học'),
('HS100', '12345', 'Đỗ Bảo Thảo', '2009-04-04', 'nam', 'Thái Bình', 'Lý Thanh Phương', '03470788620', 'đang học'),
('HS101', '12345', 'Vũ Phương Thu', '2009-07-05', 'nữ', 'Thái Bình', 'Đỗ Thảo Bình', '03465204248', 'đang học'),
('HS102', '12345', 'Hoàng Linh Tường', '2009-04-04', 'nam', 'Thái Bình', 'Chu Linh Dũng', '03723304817', 'đang học'),
('HS103', '12345', 'Chu Thanh Anh', '2009-02-25', 'nữ', 'Thái Bình', 'Ngô Linh Tường', '03109994267', 'đang học'),
('HS104', '12345', 'Lý Anh Tường', '2009-12-28', 'nữ', 'Thái Bình', 'Bùi Phương Chi', '03572020921', 'đang học'),
('HS105', '12345', 'Đỗ Linh Thanh', '2009-08-16', 'nam', 'Thái Bình', 'Lý Thanh Dung', '03303720639', 'đang học'),
('HS106', '12345', 'Lý Phương Bình', '2009-09-24', 'nam', 'Thái Bình', 'Vũ Hà Tường', '03595049351', 'đang học'),
('HS107', '12345', 'Nguyễn Anh Anh', '2009-11-12', 'nữ', 'Thái Bình', 'Hoàng Thanh Bảo', '03696401592', 'đang học'),
('HS108', '12345', 'Vũ Thị Phương', '2009-07-27', 'nam', 'Thái Bình', 'Phạm Bảo Dung', '03250374012', 'đang học'),
('HS109', '12345', 'Lê Xuân Phương', '2009-04-24', 'nữ', 'Thái Bình', 'Ngô Bảo Bình', '03902579647', 'đang học'),
('HS11', '12345', 'Lý Hà Dung', '2010-05-21', 'nam', 'Thái Bình', 'Đỗ Duy Thảo', '03751944887', 'đang học'),
('HS110', '12345', 'Bùi Thị Thanh', '2009-09-09', 'nam', 'Thái Bình', 'Bùi Thảo Dung', '03230252586', 'đang học'),
('HS111', '12345', 'Vũ Bảo Thu', '2009-07-26', 'nam', 'Thái Bình', 'Hoàng Thanh Phương', '03903916153', 'đang học'),
('HS112', '12345', 'Lý Thị Thư', '2009-04-16', 'nam', 'Thái Bình', 'Chu Bảo Thanh', '03779681720', 'đang học'),
('HS113', '12345', 'Ngô Thanh Thảo', '2009-10-20', 'nam', 'Thái Bình', 'Lý Bảo An', '03998266943', 'đang học'),
('HS114', '12345', 'Ngô Linh Châu', '2009-02-19', 'nam', 'Thái Bình', 'Ngô Linh Anh', '0348779222', 'đang học'),
('HS115', '12345', 'Đỗ Hà Anh', '2009-09-09', 'nam', 'Thái Bình', 'Lý Thị Dung', '03991758842', 'đang học'),
('HS116', '12345', 'Lý Thị Dũng', '2009-10-05', 'nam', 'Thái Bình', 'Nguyễn Phương Bảo', '03636721425', 'đang học'),
('HS117', '12345', 'Hoàng Xuân Tường', '2009-08-18', 'nữ', 'Thái Bình', 'Lê Thanh Phương', '03203468624', 'đang học'),
('HS118', '12345', 'Vũ Xuân Thanh', '2009-05-10', 'nam', 'Thái Bình', 'Nguyễn Linh Châu', '0393925170', 'đang học'),
('HS119', '12345', 'Phạm Linh Dung', '2009-02-23', 'nữ', 'Thái Bình', 'Ngô Thị Anh', '03420299736', 'đang học'),
('HS12', '12345', 'Nguyễn Linh Châu', '2010-09-14', 'nữ', 'Thái Bình', 'Lê Phương Thư', '03219998764', 'đang học'),
('HS120', '12345', 'Ngô Anh Châu', '2009-05-03', 'nữ', 'Thái Bình', 'Chu Duy Thanh', '03925975492', 'đang học'),
('HS121', '12345', 'Bùi Thị Bảo', '2008-10-04', 'nữ', 'Thái Bình', 'Chu Duy Thảo', '03596542154', 'đang học'),
('HS122', '12345', 'Lê Hà Thu', '2008-07-20', 'nam', 'Thái Bình', 'Vũ Bảo Dũng', '03100634141', 'đang học'),
('HS123', '12345', 'Đỗ Xuân Dung', '2008-12-27', 'nữ', 'Thái Bình', 'Hoàng Linh Thanh', '03894992151', 'đang học'),
('HS124', '12345', 'Vũ Thảo Thu', '2008-12-16', 'nam', 'Thái Bình', 'Đỗ Hà Thanh', '03161169921', 'đang học'),
('HS125', '12345', 'Nguyễn Bảo Anh', '2008-04-19', 'nam', 'Thái Bình', 'Lý Thị Thu', '0317489743', 'đang học'),
('HS126', '12345', 'Chu Linh Tường', '2008-05-19', 'nam', 'Thái Bình', 'Đỗ Linh Châu', '03420463379', 'đang học'),
('HS127', '12345', 'Lê Linh Thảo', '2008-08-02', 'nữ', 'Thái Bình', 'Ngô Thanh Phương', '03116293925', 'đang học'),
('HS128', '12345', 'Lê Phương Thu', '2008-07-29', 'nữ', 'Thái Bình', 'Đỗ Thanh Phương', '03431636635', 'đang học'),
('HS129', '12345', 'Nguyễn Thảo Chi', '2008-07-24', 'nữ', 'Thái Bình', 'Chu Linh Thu', '0391848678', 'đang học'),
('HS13', '12345', 'Lê Bảo Thanh', '2010-09-29', 'nữ', 'Thái Bình', 'Chu Xuân Tường', '03555095243', 'đang học'),
('HS130', '12345', 'Lê Xuân Bình', '2008-12-11', 'nữ', 'Thái Bình', 'Bùi Thảo Thu', '03961615436', 'đang học'),
('HS131', '12345', 'Bùi Duy Dung', '2008-12-28', 'nam', 'Thái Bình', 'Bùi Phương Thu', '03662151319', 'đang học'),
('HS132', '12345', 'Phạm Thanh Anh', '2008-12-11', 'nam', 'Thái Bình', 'Bùi Duy Thanh', '03802160228', 'đang học'),
('HS133', '12345', 'Lý Xuân An', '2008-10-27', 'nữ', 'Thái Bình', 'Hoàng Anh Châu', '03951569839', 'đang học'),
('HS134', '12345', 'Lý Thị Dung', '2008-03-13', 'nữ', 'Thái Bình', 'Lê Anh Phương', '03968206062', 'đang học'),
('HS135', '12345', 'Lý Hà Thu', '2008-10-11', 'nam', 'Thái Bình', 'Bùi Duy Bảo', '035613995', 'đang học'),
('HS136', '12345', 'Lý Thảo Phương', '2008-12-21', 'nữ', 'Thái Bình', 'Chu Thị Thu', '03438345490', 'đang học'),
('HS137', '12345', 'Lý Phương Thư', '2008-09-11', 'nữ', 'Thái Bình', 'Lê Phương Thanh', '03214199145', 'đang học'),
('HS138', '12345', 'Nguyễn Phương Chi', '2008-02-03', 'nữ', 'Thái Bình', 'Ngô Thị Bình', '03538679754', 'đang học'),
('HS139', '12345', 'Vũ Thảo Anh', '2008-02-19', 'nữ', 'Thái Bình', 'Ngô Thanh Dung', '03252583397', 'đang học'),
('HS14', '12345', 'Chu Phương Phương', '2010-10-18', 'nam', 'Thái Bình', 'Lê Thị Dũng', '03772193786', 'đang học'),
('HS140', '12345', 'Ngô Hà Bình', '2008-07-21', 'nam', 'Thái Bình', 'Nguyễn Duy Tường', '03771855581', 'đang học'),
('HS141', '12345', 'Đỗ Bảo Thu', '2008-11-18', 'nữ', 'Thái Bình', 'Ngô Hà Dung', '03560107659', 'đang học'),
('HS142', '12345', 'Nguyễn Linh Dung', '2008-11-22', 'nam', 'Thái Bình', 'Lê Duy Chi', '03436862599', 'đang học'),
('HS143', '12345', 'Bùi Thị Bình', '2008-08-13', 'nam', 'Thái Bình', 'Lý Bảo Bình', '03893964443', 'đang học'),
('HS144', '12345', 'Hoàng Xuân Dũng', '2008-09-04', 'nữ', 'Thái Bình', 'Ngô Xuân An', '03975959507', 'đang học'),
('HS145', '12345', 'Ngô Duy Dũng', '2008-07-03', 'nữ', 'Thái Bình', 'Lý Thanh Chi', '03419012805', 'đang học'),
('HS146', '12345', 'Bùi Thị Tường', '2008-12-20', 'nữ', 'Thái Bình', 'Vũ Bảo Thu', '03200862753', 'đang học'),
('HS147', '12345', 'Đỗ Anh Châu', '2008-07-15', 'nữ', 'Thái Bình', 'Ngô Thị Thư', '03482716665', 'đang học'),
('HS148', '12345', 'Ngô Bảo Thanh', '2008-06-02', 'nữ', 'Thái Bình', 'Hoàng Bảo Thảo', '03968925893', 'đang học'),
('HS149', '12345', 'Hoàng Anh Phương', '2008-08-23', 'nam', 'Thái Bình', 'Nguyễn Xuân Thảo', '03121862447', 'đang học'),
('HS15', '12345', 'Lý Thảo Bảo', '2010-08-05', 'nữ', 'Thái Bình', 'Lê Duy An', '03478115107', 'đang học'),
('HS150', '12345', 'Phạm Thanh Dung', '2008-08-03', 'nữ', 'Thái Bình', 'Lý Phương Anh', '03270794409', 'đang học'),
('HS151', '12345', 'Ngô Hà Châu', '2008-12-29', 'nữ', 'Thái Bình', 'Bùi Duy Thu', '03424612006', 'đang học'),
('HS152', '12345', 'Lý Thảo Thanh', '2008-04-03', 'nữ', 'Thái Bình', 'Hoàng Anh Bảo', '03250447604', 'đang học'),
('HS153', '12345', 'Vũ Thanh Dung', '2008-05-09', 'nam', 'Thái Bình', 'Vũ Phương Chi', '03471802873', 'đang học'),
('HS154', '12345', 'Chu Hà Bảo', '2008-07-06', 'nữ', 'Thái Bình', 'Lý Thanh Bình', '03637616584', 'đang học'),
('HS155', '12345', 'Lê Thảo Thanh', '2008-02-21', 'nữ', 'Thái Bình', 'Bùi Phương Thảo', '03437029585', 'đang học'),
('HS156', '12345', 'Ngô Phương Tường', '2008-01-12', 'nam', 'Thái Bình', 'Lê Anh Thảo', '03387501501', 'đang học'),
('HS157', '12345', 'Lý Hà Châu', '2008-11-01', 'nam', 'Thái Bình', 'Hoàng Thảo Dung', '03653206866', 'đang học'),
('HS158', '12345', 'Ngô Linh Thanh', '2008-04-11', 'nữ', 'Thái Bình', 'Nguyễn Xuân An', '03458981661', 'đang học'),
('HS159', '12345', 'Hoàng Thảo Thu', '2008-06-26', 'nữ', 'Thái Bình', 'Hoàng Thảo Chi', '03615890303', 'đang học'),
('HS16', '12345', 'Phạm Xuân Bảo', '2010-01-08', 'nữ', 'Thái Bình', 'Chu Hà An', '03436560135', 'đang học'),
('HS160', '12345', 'Vũ Thanh Chi', '2008-08-23', 'nữ', 'Thái Bình', 'Hoàng Bảo Thanh', '03718406212', 'đang học'),
('HS161', '12345', 'Bùi Xuân Dung', '2007-01-15', 'nam', 'Thái Bình', 'Lê Duy Tường', '03882856000', 'đang học'),
('HS162', '12345', 'Vũ Thảo Chi', '2007-01-19', 'nữ', 'Thái Bình', 'Lý Bảo Thu', '03785208720', 'đang học'),
('HS163', '12345', 'Chu Thảo Bình', '2007-01-17', 'nữ', 'Thái Bình', 'Ngô Bảo Anh', '0339628671', 'đang học'),
('HS164', '12345', 'Lý Thị Châu', '2007-02-01', 'nam', 'Thái Bình', 'Ngô Xuân Chi', '03173269830', 'đang học'),
('HS165', '12345', 'Lê Phương Thanh', '2007-01-25', 'nam', 'Thái Bình', 'Nguyễn Anh Anh', '03406172089', 'đang học'),
('HS166', '12345', 'Chu Thanh Bình', '2007-10-14', 'nữ', 'Thái Bình', 'Chu Anh An', '03137263542', 'đang học'),
('HS167', '12345', 'Bùi Duy Phương', '2007-08-03', 'nam', 'Thái Bình', 'Ngô Thảo Châu', '03849561464', 'đang học'),
('HS168', '12345', 'Bùi Linh Thảo', '2007-05-19', 'nữ', 'Thái Bình', 'Đỗ Anh Thu', '03206387080', 'đang học'),
('HS169', '12345', 'Ngô Thanh Bảo', '2007-11-22', 'nam', 'Thái Bình', 'Lý Duy Bảo', '03138138885', 'đang học'),
('HS17', '12345', 'Nguyễn Phương Chi', '2010-07-03', 'nữ', 'Thái Bình', 'Lý Phương Phương', '0331280619', 'đang học'),
('HS170', '12345', 'Hoàng Hà Tường', '2007-12-17', 'nữ', 'Thái Bình', 'Phạm Duy Thư', '0371794474', 'đang học'),
('HS171', '12345', 'Đỗ Duy Thảo', '2007-01-03', 'nam', 'Thái Bình', 'Vũ Xuân Thu', '03710073930', 'đang học'),
('HS172', '12345', 'Lý Anh Thanh', '2007-01-08', 'nữ', 'Thái Bình', 'Nguyễn Bảo Phương', '03958793610', 'đang học'),
('HS173', '12345', 'Lê Anh Anh', '2007-09-02', 'nữ', 'Thái Bình', 'Ngô Thị Phương', '03896158194', 'đang học'),
('HS174', '12345', 'Lê Hà An', '2007-05-08', 'nam', 'Thái Bình', 'Đỗ Linh Châu', '03324053110', 'đang học'),
('HS175', '12345', 'Đỗ Thanh Bình', '2007-07-27', 'nữ', 'Thái Bình', 'Phạm Thanh Thanh', '03958434795', 'đang học'),
('HS176', '12345', 'Lê Duy Châu', '2007-05-29', 'nam', 'Thái Bình', 'Bùi Duy An', '03463681627', 'đang học'),
('HS177', '12345', 'Chu Xuân Bình', '2007-11-08', 'nữ', 'Thái Bình', 'Lý Thanh Tường', '03557100242', 'đang học'),
('HS178', '12345', 'Lý Linh Dũng', '2007-04-02', 'nữ', 'Thái Bình', 'Nguyễn Xuân An', '03539085686', 'đang học'),
('HS179', '12345', 'Chu Hà Châu', '2007-10-02', 'nữ', 'Thái Bình', 'Ngô Thảo Thanh', '03524050606', 'đang học'),
('HS18', '12345', 'Đỗ Duy Dung', '2010-01-05', 'nữ', 'Thái Bình', 'Hoàng Linh Dung', '03557229149', 'đang học'),
('HS180', '12345', 'Bùi Anh Anh', '2007-09-25', 'nam', 'Thái Bình', 'Chu Anh Thanh', '03638693502', 'đang học'),
('HS181', '12345', 'Vũ Phương Thanh', '2007-07-20', 'nam', 'Thái Bình', 'Vũ Hà Chi', '03544285300', 'đang học'),
('HS182', '12345', 'Lý Anh Dũng', '2007-11-15', 'nữ', 'Thái Bình', 'Đỗ Anh Tường', '03560409816', 'đang học'),
('HS183', '12345', 'Lê Xuân An', '2007-04-04', 'nữ', 'Thái Bình', 'Vũ Duy An', '03484854784', 'đang học'),
('HS184', '12345', 'Đỗ Bảo Thanh', '2007-12-19', 'nam', 'Thái Bình', 'Đỗ Anh Chi', '03648672754', 'đang học'),
('HS185', '12345', 'Bùi Phương Thu', '2007-06-29', 'nam', 'Thái Bình', 'Vũ Xuân Chi', '03650922874', 'đang học'),
('HS186', '12345', 'Bùi Anh Châu', '2007-12-16', 'nam', 'Thái Bình', 'Vũ Thị Thu', '03873761030', 'đang học'),
('HS187', '12345', 'Bùi Thảo Dung', '2007-06-25', 'nam', 'Thái Bình', 'Đỗ Xuân Anh', '03491728504', 'đang học'),
('HS188', '12345', 'Vũ Phương Dũng', '2007-10-10', 'nữ', 'Thái Bình', 'Đỗ Bảo Châu', '03740930823', 'đang học'),
('HS189', '12345', 'Nguyễn Duy Chi', '2007-02-26', 'nữ', 'Thái Bình', 'Lê Phương Dung', '0356349223', 'đang học'),
('HS19', '12345', 'Vũ Xuân Anh', '2010-08-12', 'nữ', 'Thái Bình', 'Hoàng Thanh Bảo', '03749135797', 'đang học'),
('HS190', '12345', 'Bùi Thị Dũng', '2007-09-04', 'nam', 'Thái Bình', 'Chu Anh Phương', '03349588174', 'đang học'),
('HS191', '12345', 'Bùi Thanh Dung', '2007-03-15', 'nam', 'Thái Bình', 'Phạm Thanh Tường', '03400696836', 'đang học'),
('HS192', '12345', 'Lý Bảo Thảo', '2007-03-21', 'nam', 'Thái Bình', 'Chu Thảo Thảo', '03869831460', 'đang học'),
('HS193', '12345', 'Hoàng Anh Bình', '2007-06-07', 'nam', 'Thái Bình', 'Đỗ Xuân Thảo', '03216173244', 'đang học'),
('HS194', '12345', 'Chu Duy Thảo', '2007-02-14', 'nữ', 'Thái Bình', 'Hoàng Xuân Thư', '03339314317', 'đang học'),
('HS195', '12345', 'Phạm Xuân Phương', '2007-03-13', 'nữ', 'Thái Bình', 'Nguyễn Anh Chi', '03785953542', 'đang học'),
('HS196', '12345', 'Chu Linh Chi', '2007-01-18', 'nam', 'Thái Bình', 'Bùi Anh Bình', '03831891099', 'đang học'),
('HS197', '12345', 'Vũ Bảo Tường', '2007-10-01', 'nam', 'Thái Bình', 'Đỗ Thị Dũng', '03963543351', 'đang học'),
('HS198', '12345', 'Vũ Thanh Dũng', '2007-09-07', 'nam', 'Thái Bình', 'Đỗ Phương Thảo', '03311908333', 'đang học'),
('HS199', '12345', 'Bùi Duy Bình', '2007-09-07', 'nam', 'Thái Bình', 'Chu Phương Bình', '03964495152', 'đang học'),
('HS2', '12345', 'Nguyễn Văn A', '2010-02-02', 'nam', 'a', 'a', '8937592834', 'đang học'),
('HS20', '12345', 'Vũ Hà Thu', '2010-01-09', 'nữ', 'Thái Bình', 'Lý Thảo An', '03993160181', 'đang học'),
('HS200', '12345', 'Phạm Thảo Phương', '2007-01-21', 'nữ', 'Thái Bình', 'Hoàng Duy Bình', '03910459410', 'đang học'),
('HS21', '12345', 'Hoàng Linh Thu', '2010-02-06', 'nữ', 'Thái Bình', 'Hoàng Hà Bình', '03473293983', 'đang học'),
('HS22', '12345', 'Ngô Duy Thanh', '2010-03-19', 'nữ', 'Thái Bình', 'Vũ Bảo Thu', '03235163261', 'đang học'),
('HS23', '12345', 'Đỗ Linh Tường', '2010-06-19', 'nam', 'Thái Bình', 'Lý Xuân Dung', '0333608422', 'đang học'),
('HS24', '12345', 'Đỗ Duy Anh', '2010-04-29', 'nữ', 'Thái Bình', 'Ngô Hà Thanh', '03446850663', 'đang học'),
('HS25', '12345', 'Lý Linh Thu', '2010-03-02', 'nam', 'Thái Bình', 'Bùi Thị Châu', '03285182914', 'đang học'),
('HS26', '12345', 'Lê Linh Dung', '2010-09-22', 'nữ', 'Thái Bình', 'Lê Xuân Thu', '03482245894', 'đang học'),
('HS27', '12345', 'Lê Bảo An', '2010-09-05', 'nữ', 'Thái Bình', 'Lê Xuân Bình', '03965011348', 'đang học'),
('HS28', '12345', 'Bùi Hà Tường', '2010-04-15', 'nam', 'Thái Bình', 'Lý Thị Thanh', '03641158995', 'đang học'),
('HS29', '12345', 'Đỗ Anh Bảo', '2010-07-15', 'nam', 'Thái Bình', 'Hoàng Thảo Dung', '03202201137', 'đang học'),
('HS3', '12345', 'a', '2010-05-10', 'nam', 'a', 'a', 'a', 'đang học'),
('HS30', '12345', 'Lê Linh Thảo', '2010-06-04', 'nữ', 'Thái Bình', 'Chu Hà Bảo', '03623978966', 'đang học'),
('HS31', '12345', 'Lý Thanh Thảo', '2010-09-01', 'nam', 'Thái Bình', 'Đỗ Thị An', '0340746352', 'đang học'),
('HS32', '12345', 'Phạm Thảo Bình', '2010-01-11', 'nam', 'Thái Bình', 'Vũ Hà Thanh', '03798197495', 'đang học'),
('HS33', '12345', 'Ngô Thị Thanh', '2010-10-02', 'nữ', 'Thái Bình', 'Hoàng Linh Chi', '03475322514', 'đang học'),
('HS34', '12345', 'Nguyễn Bảo Phương', '2010-01-23', 'nữ', 'Thái Bình', 'Nguyễn Anh Anh', '03796443015', 'đang học'),
('HS35', '12345', 'Đỗ Anh Anh', '2010-04-10', 'nam', 'Thái Bình', 'Bùi Thảo Thu', '03393418147', 'đang học'),
('HS36', '12345', 'Chu Thị Bảo', '2010-12-24', 'nữ', 'Thái Bình', 'Lê Linh Thảo', '03214650429', 'đang học'),
('HS37', '12345', 'Đỗ Linh Thư', '2010-05-08', 'nam', 'Thái Bình', 'Bùi Xuân Anh', '03660546672', 'đang học'),
('HS38', '12345', 'Bùi Thanh Bình', '2010-09-02', 'nữ', 'Thái Bình', 'Hoàng Anh Dung', '0382113644', 'đang học'),
('HS39', '12345', 'Nguyễn Xuân Dũng', '2010-02-22', 'nữ', 'Thái Bình', 'Hoàng Thảo Dũng', '0310229999', 'đang học'),
('HS4', '12345', 'Chu Bảo Thanh', '2010-06-20', 'nữ', 'Thái Bình', 'Chu Linh Phương', '03834388008', 'đang học'),
('HS40', '12345', 'Lý Xuân Phương', '2010-06-02', 'nam', 'Thái Bình', 'Ngô Linh Bình', '03752051686', 'đang học'),
('HS41', '12345', 'Vũ Xuân Dung', '2010-12-20', 'nữ', 'Thái Bình', 'Nguyễn Hà Chi', '03115920708', 'đang học'),
('HS42', '12345', 'Ngô Phương Thư', '2010-02-18', 'nam', 'Thái Bình', 'Lý Duy Phương', '03180969069', 'đang học'),
('HS43', '12345', 'Lý Thảo Anh', '2010-06-20', 'nam', 'Thái Bình', 'Ngô Duy Bảo', '03585641653', 'đang học'),
('HS44', '12345', 'Bùi Thanh Thanh', '2010-03-06', 'nam', 'Thái Bình', 'Nguyễn Anh Chi', '03995314618', 'đang học'),
('HS45', '12345', 'Bùi Linh Thanh', '2010-10-18', 'nam', 'Thái Bình', 'Phạm Thanh Dung', '03866401521', 'đang học'),
('HS46', '12345', 'Bùi Xuân Dung', '2010-07-14', 'nữ', 'Thái Bình', 'Lý Xuân Tường', '03985706420', 'đang học'),
('HS47', '12345', 'Chu Thảo Dung', '2010-03-27', 'nữ', 'Thái Bình', 'Chu Thanh Thảo', '03275758387', 'đang học'),
('HS48', '12345', 'Lý Anh Thanh', '2010-12-23', 'nam', 'Thái Bình', 'Hoàng Hà Dung', '03988474362', 'đang học'),
('HS49', '12345', 'Ngô Bảo Phương', '2010-06-22', 'nam', 'Thái Bình', 'Phạm Duy Dũng', '03571122760', 'đang học'),
('HS5', '12345', 'Hoàng Xuân Anh', '2010-03-11', 'nữ', 'Thái Bình', 'Bùi Linh Phương', '03312008443', 'đang học'),
('HS50', '12345', 'Chu Linh Thảo', '2010-12-01', 'nữ', 'Thái Bình', 'Chu Thanh An', '03397250870', 'đang học'),
('HS51', '12345', 'Ngô Thảo Tường', '2010-10-03', 'nữ', 'Thái Bình', 'Hoàng Thanh Bảo', '03206484885', 'đang học'),
('HS52', '12345', 'Lý Thị Chi', '2010-11-16', 'nam', 'Thái Bình', 'Đỗ Duy Dung', '0311106575', 'đang học'),
('HS53', '12345', 'Vũ Phương Châu', '2010-08-28', 'nữ', 'Thái Bình', 'Nguyễn Bảo Dung', '03730349465', 'đang học'),
('HS54', '12345', 'Vũ Linh Tường', '2010-03-17', 'nam', 'Thái Bình', 'Lê Duy Bảo', '0324062154', 'đang học'),
('HS55', '12345', 'Ngô Linh Thư', '2010-09-04', 'nam', 'Thái Bình', 'Hoàng Hà Anh', '03309368740', 'đang học'),
('HS56', '12345', 'Ngô Linh Thư', '2010-01-01', 'nam', 'Thái Bình', 'Chu Thanh Dũng', '03935601755', 'đang học'),
('HS57', '12345', 'Phạm Thảo Bình', '2010-05-10', 'nữ', 'Thái Bình', 'Bùi Thảo Anh', '03836165937', 'đang học'),
('HS58', '12345', 'Nguyễn Hà Phương', '2010-05-15', 'nữ', 'Thái Bình', 'Nguyễn Thảo Châu', '03265682106', 'đang học'),
('HS59', '12345', 'Đỗ Duy Thanh', '2010-06-14', 'nam', 'Thái Bình', 'Lê Thảo Dung', '03850199143', 'đang học'),
('HS6', '12345', 'Vũ Thanh Dũng', '2010-07-20', 'nữ', 'Thái Bình', 'Nguyễn Anh Thư', '03569670912', 'đang học'),
('HS60', '12345', 'Lê Bảo An', '2010-04-17', 'nữ', 'Thái Bình', 'Lê Xuân Dung', '03488803791', 'đang học'),
('HS61', '12345', 'Nguyễn Bảo Dũng', '2009-04-17', 'nữ', 'Thái Bình', 'Ngô Anh Bình', '03299211283', 'đang học'),
('HS62', '12345', 'Hoàng Bảo Tường', '2009-02-03', 'nữ', 'Thái Bình', 'Ngô Thảo Anh', '03298100879', 'đang học'),
('HS63', '12345', 'Ngô Linh Thu', '2009-04-09', 'nam', 'Thái Bình', 'Vũ Thanh Thu', '0389071829', 'đang học'),
('HS64', '12345', 'Hoàng Thảo Thư', '2009-12-25', 'nữ', 'Thái Bình', 'Vũ Xuân Châu', '03782523333', 'đang học'),
('HS65', '12345', 'Nguyễn Bảo Châu', '2009-03-21', 'nam', 'Thái Bình', 'Nguyễn Duy Thảo', '03877151191', 'đang học'),
('HS66', '12345', 'Chu Phương Thanh', '2009-03-21', 'nam', 'Thái Bình', 'Ngô Bảo Dũng', '03151297436', 'đang học'),
('HS67', '12345', 'Vũ Thị Bảo', '2009-06-26', 'nữ', 'Thái Bình', 'Nguyễn Anh Dũng', '03717169957', 'đang học'),
('HS68', '12345', 'Bùi Hà Bảo', '2009-12-06', 'nữ', 'Thái Bình', 'Phạm Hà Thanh', '03625156072', 'đang học'),
('HS69', '12345', 'Đỗ Thanh Chi', '2009-04-03', 'nữ', 'Thái Bình', 'Vũ Xuân Thanh', '03806857633', 'đang học'),
('HS7', '12345', 'Nguyễn Duy Dũng', '2010-07-26', 'nam', 'Thái Bình', 'Phạm Phương Bảo', '03217650901', 'đang học'),
('HS70', '12345', 'Lê Hà Thảo', '2009-08-25', 'nam', 'Thái Bình', 'Lê Xuân Thảo', '0313091928', 'đang học'),
('HS71', '12345', 'Ngô Thị An', '2009-11-10', 'nam', 'Thái Bình', 'Chu Linh Dung', '03185014638', 'đang học'),
('HS72', '12345', 'Bùi Bảo Thảo', '2009-08-08', 'nữ', 'Thái Bình', 'Lý Bảo Thu', '03435578595', 'đang học'),
('HS73', '12345', 'Bùi Thanh Phương', '2009-01-10', 'nữ', 'Thái Bình', 'Hoàng Linh Chi', '03833050898', 'đang học'),
('HS74', '12345', 'Lê Duy Dũng', '2009-06-05', 'nữ', 'Thái Bình', 'Chu Anh Thanh', '03151936590', 'đang học'),
('HS75', '12345', 'Hoàng Thị Phương', '2009-05-02', 'nam', 'Thái Bình', 'Phạm Xuân Dung', '03158349311', 'đang học'),
('HS76', '12345', 'Phạm Anh Bảo', '2009-06-09', 'nữ', 'Thái Bình', 'Ngô Duy Thanh', '03350427949', 'đang học'),
('HS77', '12345', 'Chu Thị Bảo', '2009-08-06', 'nam', 'Thái Bình', 'Chu Thảo Anh', '03494447749', 'đang học'),
('HS78', '12345', 'Phạm Anh Dũng', '2009-05-24', 'nữ', 'Thái Bình', 'Hoàng Xuân Phương', '03627503335', 'đang học'),
('HS79', '12345', 'Lê Bảo Dung', '2009-08-16', 'nam', 'Thái Bình', 'Vũ Thanh Dung', '03393304832', 'đang học'),
('HS8', '12345', 'Chu Anh Thảo', '2010-11-04', 'nam', 'Thái Bình', 'Lý Bảo Châu', '03356309789', 'đang học'),
('HS80', '12345', 'Đỗ Bảo Dung', '2009-01-09', 'nam', 'Thái Bình', 'Lê Linh Bảo', '03250829520', 'đang học'),
('HS81', '12345', 'Bùi Bảo Anh', '2009-01-22', 'nam', 'Thái Bình', 'Nguyễn Thanh Bảo', '03850524553', 'đang học'),
('HS82', '12345', 'Vũ Duy Chi', '2009-05-27', 'nam', 'Thái Bình', 'Phạm Thị Thư', '03186621703', 'đang học'),
('HS83', '12345', 'Đỗ Thảo Thanh', '2009-01-12', 'nữ', 'Thái Bình', 'Hoàng Hà Châu', '03739501961', 'đang học'),
('HS84', '12345', 'Bùi Thị Bảo', '2009-10-22', 'nam', 'Thái Bình', 'Đỗ Anh Châu', '03358002491', 'đang học'),
('HS85', '12345', 'Phạm Phương Anh', '2009-08-01', 'nữ', 'Thái Bình', 'Ngô Bảo Thảo', '03395757457', 'đang học'),
('HS86', '12345', 'Bùi Anh Bảo', '2009-10-28', 'nam', 'Thái Bình', 'Nguyễn Xuân An', '03847718491', 'đang học'),
('HS87', '12345', 'Nguyễn Xuân Bảo', '2009-05-20', 'nữ', 'Thái Bình', 'Hoàng Thanh Thanh', '03803031518', 'đang học'),
('HS88', '12345', 'Lê Thị Thư', '2009-08-15', 'nam', 'Thái Bình', 'Chu Bảo Chi', '03152920755', 'đang học'),
('HS89', '12345', 'Ngô Thị Thu', '2009-12-26', 'nam', 'Thái Bình', 'Hoàng Xuân Thanh', '03478385035', 'đang học'),
('HS9', '12345', 'Vũ Hà Châu', '2010-01-10', 'nam', 'Thái Bình', 'Đỗ Hà Tường', '03879477827', 'đang học'),
('HS90', '12345', 'Vũ Duy Tường', '2009-10-13', 'nữ', 'Thái Bình', 'Lý Linh Bình', '03539412533', 'đang học'),
('HS91', '12345', 'Ngô Anh Bình', '2009-05-06', 'nữ', 'Thái Bình', 'Đỗ Linh Tường', '03937073083', 'đang học'),
('HS92', '12345', 'Lê Thảo Thư', '2009-09-28', 'nữ', 'Thái Bình', 'Bùi Thảo Tường', '03722251504', 'đang học'),
('HS93', '12345', 'Lê Anh Phương', '2009-09-07', 'nữ', 'Thái Bình', 'Phạm Duy Dũng', '03102374513', 'đang học'),
('HS94', '12345', 'Lê Phương Dũng', '2009-03-12', 'nam', 'Thái Bình', 'Lê Duy Tường', '03185628018', 'đang học'),
('HS95', '12345', 'Vũ Hà Chi', '2009-09-09', 'nữ', 'Thái Bình', 'Lý Hà Thư', '03146989030', 'đang học'),
('HS96', '12345', 'Đỗ Thanh Tường', '2009-11-25', 'nữ', 'Thái Bình', 'Phạm Thị Dũng', '03599420194', 'đang học'),
('HS97', '12345', 'Lý Thanh Thảo', '2009-05-22', 'nữ', 'Thái Bình', 'Chu Anh Thu', '03350427213', 'đang học'),
('HS98', '12345', 'Bùi Xuân Thảo', '2009-12-04', 'nam', 'Thái Bình', 'Phạm Linh Thu', '03698020596', 'đang học'),
('HS99', '12345', 'Lê Phương Bình', '2009-08-26', 'nữ', 'Thái Bình', 'Vũ Xuân Tường', '0383429641', 'đang học');

-- --------------------------------------------------------

--
-- Cấu trúc bảng cho bảng `khoi`
--

CREATE TABLE `khoi` (
  `Khoi` int(11) NOT NULL
) ENGINE=InnoDB DEFAULT CHARSET=utf8mb4 COLLATE=utf8mb4_bin;

--
-- Đang đổ dữ liệu cho bảng `khoi`
--

INSERT INTO `khoi` (`Khoi`) VALUES
(6),
(7),
(8),
(9);

-- --------------------------------------------------------

--
-- Cấu trúc bảng cho bảng `lophoc`
--

CREATE TABLE `lophoc` (
  `MaLop` varchar(50) COLLATE utf8mb4_bin NOT NULL,
  `TenLop` varchar(100) COLLATE utf8mb4_bin NOT NULL,
  `MaGV` varchar(50) COLLATE utf8mb4_bin NOT NULL,
  `SiSo` int(11) NOT NULL,
  `NamHoc` varchar(50) COLLATE utf8mb4_bin NOT NULL,
  `GhiChu` varchar(200) CHARACTER SET utf8 NOT NULL,
  `Khoi` int(11) NOT NULL
) ENGINE=InnoDB DEFAULT CHARSET=utf8mb4 COLLATE=utf8mb4_bin;

--
-- Đang đổ dữ liệu cho bảng `lophoc`
--

INSERT INTO `lophoc` (`MaLop`, `TenLop`, `MaGV`, `SiSo`, `NamHoc`, `GhiChu`, `Khoi`) VALUES
('Lop00', 'Lớp 6D', 'GV1', 5, '2020-2021', 'đã kết thúc', 6),
('Lop00_7', 'Lớp 7D', 'GV11', 5, '2021-2022', '', 7),
('Lop01', 'Lớp 6A', 'GV1', 19, '2021-2022', ' ', 6),
('Lop02', 'Lớp 6B', 'GV5', 20, '2021-2022', '', 6),
('Lop03', 'Lớp 6C', 'GV6', 20, '2021-2022', '', 6),
('Lop04', 'Lớp 7A', 'GV2', 20, '2021-2022', '', 7),
('Lop05', 'Lớp 7B', 'GV7', 20, '2021-2022', '', 7),
('Lop06', 'Lớp 7C', 'GV8', 20, '2021-2022', '', 7),
('Lop07', 'Lớp 8A', 'GV3', 20, '2021-2022', '', 8),
('Lop08', 'Lớp 8B', 'GV11', 20, '2021-2022', '', 8),
('Lop09', 'Lớp 9A', 'GV4', 20, '2021-2022', '', 9),
('Lop10', 'Lớp 9B', 'GV9', 20, '2021-2022', '', 9);

-- --------------------------------------------------------

--
-- Cấu trúc bảng cho bảng `lophoc_hocsinh`
--

CREATE TABLE `lophoc_hocsinh` (
  `MaLop` varchar(50) COLLATE utf8mb4_bin NOT NULL,
  `MaHS` varchar(50) COLLATE utf8mb4_bin NOT NULL
) ENGINE=InnoDB DEFAULT CHARSET=utf8mb4 COLLATE=utf8mb4_bin;

--
-- Đang đổ dữ liệu cho bảng `lophoc_hocsinh`
--

INSERT INTO `lophoc_hocsinh` (`MaLop`, `MaHS`) VALUES
('Lop00', 'HS001'),
('Lop00', 'HS002'),
('Lop00', 'HS003'),
('Lop00', 'HS004'),
('Lop00', 'HS005'),
('Lop00_7', 'HS001'),
('Lop00_7', 'HS002'),
('Lop00_7', 'HS003'),
('Lop00_7', 'HS004'),
('Lop00_7', 'HS005'),
('Lop01', 'HS1'),
('Lop01', 'HS10'),
('Lop01', 'HS11'),
('Lop01', 'HS12'),
('Lop01', 'HS13'),
('Lop01', 'HS14'),
('Lop01', 'HS15'),
('Lop01', 'HS16'),
('Lop01', 'HS17'),
('Lop01', 'HS18'),
('Lop01', 'HS19'),
('Lop01', 'HS2'),
('Lop01', 'HS20'),
('Lop01', 'HS21'),
('Lop01', 'HS22'),
('Lop01', 'HS23'),
('Lop01', 'HS24'),
('Lop01', 'HS25'),
('Lop01', 'HS26'),
('Lop01', 'HS27'),
('Lop02', 'HS28'),
('Lop02', 'HS29'),
('Lop02', 'HS3'),
('Lop02', 'HS30'),
('Lop02', 'HS31'),
('Lop02', 'HS32'),
('Lop02', 'HS33'),
('Lop02', 'HS34'),
('Lop02', 'HS35'),
('Lop02', 'HS36'),
('Lop02', 'HS37'),
('Lop02', 'HS38'),
('Lop02', 'HS39'),
('Lop02', 'HS4'),
('Lop02', 'HS40'),
('Lop02', 'HS41'),
('Lop02', 'HS42'),
('Lop02', 'HS43'),
('Lop02', 'HS44'),
('Lop02', 'HS45'),
('Lop03', 'HS46'),
('Lop03', 'HS47'),
('Lop03', 'HS48'),
('Lop03', 'HS49'),
('Lop03', 'HS5'),
('Lop03', 'HS50'),
('Lop03', 'HS51'),
('Lop03', 'HS52'),
('Lop03', 'HS53'),
('Lop03', 'HS54'),
('Lop03', 'HS55'),
('Lop03', 'HS56'),
('Lop03', 'HS57'),
('Lop03', 'HS58'),
('Lop03', 'HS59'),
('Lop03', 'HS6'),
('Lop03', 'HS60'),
('Lop03', 'HS7'),
('Lop03', 'HS8'),
('Lop03', 'HS9'),
('Lop04', 'HS100'),
('Lop04', 'HS101'),
('Lop04', 'HS102'),
('Lop04', 'HS103'),
('Lop04', 'HS104'),
('Lop04', 'HS105'),
('Lop04', 'HS106'),
('Lop04', 'HS107'),
('Lop04', 'HS108'),
('Lop04', 'HS109'),
('Lop04', 'HS110'),
('Lop04', 'HS111'),
('Lop04', 'HS112'),
('Lop04', 'HS113'),
('Lop04', 'HS114'),
('Lop04', 'HS115'),
('Lop04', 'HS116'),
('Lop04', 'HS117'),
('Lop04', 'HS118'),
('Lop04', 'HS119'),
('Lop05', 'HS120'),
('Lop05', 'HS62'),
('Lop05', 'HS63'),
('Lop05', 'HS64'),
('Lop05', 'HS65'),
('Lop05', 'HS66'),
('Lop05', 'HS67'),
('Lop05', 'HS68'),
('Lop05', 'HS69'),
('Lop05', 'HS70'),
('Lop05', 'HS71'),
('Lop05', 'HS72'),
('Lop05', 'HS73'),
('Lop05', 'HS74'),
('Lop05', 'HS75'),
('Lop05', 'HS76'),
('Lop05', 'HS77'),
('Lop05', 'HS78'),
('Lop05', 'HS79'),
('Lop05', 'HS89'),
('Lop06', 'HS61'),
('Lop06', 'HS80'),
('Lop06', 'HS81'),
('Lop06', 'HS82'),
('Lop06', 'HS83'),
('Lop06', 'HS84'),
('Lop06', 'HS85'),
('Lop06', 'HS86'),
('Lop06', 'HS87'),
('Lop06', 'HS88'),
('Lop06', 'HS90'),
('Lop06', 'HS91'),
('Lop06', 'HS92'),
('Lop06', 'HS93'),
('Lop06', 'HS94'),
('Lop06', 'HS95'),
('Lop06', 'HS96'),
('Lop06', 'HS97'),
('Lop06', 'HS98'),
('Lop06', 'HS99'),
('Lop07', 'HS121'),
('Lop07', 'HS122'),
('Lop07', 'HS123'),
('Lop07', 'HS124'),
('Lop07', 'HS125'),
('Lop07', 'HS126'),
('Lop07', 'HS127'),
('Lop07', 'HS128'),
('Lop07', 'HS129'),
('Lop07', 'HS130'),
('Lop07', 'HS131'),
('Lop07', 'HS132'),
('Lop07', 'HS133'),
('Lop07', 'HS134'),
('Lop07', 'HS135'),
('Lop07', 'HS136'),
('Lop07', 'HS137'),
('Lop07', 'HS138'),
('Lop07', 'HS139'),
('Lop07', 'HS140'),
('Lop08', 'HS141'),
('Lop08', 'HS142'),
('Lop08', 'HS143'),
('Lop08', 'HS144'),
('Lop08', 'HS145'),
('Lop08', 'HS146'),
('Lop08', 'HS147'),
('Lop08', 'HS148'),
('Lop08', 'HS149'),
('Lop08', 'HS150'),
('Lop08', 'HS151'),
('Lop08', 'HS152'),
('Lop08', 'HS153'),
('Lop08', 'HS154'),
('Lop08', 'HS155'),
('Lop08', 'HS156'),
('Lop08', 'HS157'),
('Lop08', 'HS158'),
('Lop08', 'HS159'),
('Lop08', 'HS160'),
('Lop09', 'HS161'),
('Lop09', 'HS162'),
('Lop09', 'HS163'),
('Lop09', 'HS164'),
('Lop09', 'HS165'),
('Lop09', 'HS166'),
('Lop09', 'HS167'),
('Lop09', 'HS168'),
('Lop09', 'HS169'),
('Lop09', 'HS170'),
('Lop09', 'HS171'),
('Lop09', 'HS172'),
('Lop09', 'HS173'),
('Lop09', 'HS174'),
('Lop09', 'HS175'),
('Lop09', 'HS176'),
('Lop09', 'HS177'),
('Lop09', 'HS178'),
('Lop09', 'HS179'),
('Lop09', 'HS180'),
('Lop10', 'HS181'),
('Lop10', 'HS182'),
('Lop10', 'HS183'),
('Lop10', 'HS184'),
('Lop10', 'HS185'),
('Lop10', 'HS186'),
('Lop10', 'HS187'),
('Lop10', 'HS188'),
('Lop10', 'HS189'),
('Lop10', 'HS190'),
('Lop10', 'HS191'),
('Lop10', 'HS192'),
('Lop10', 'HS193'),
('Lop10', 'HS194'),
('Lop10', 'HS195'),
('Lop10', 'HS196'),
('Lop10', 'HS197'),
('Lop10', 'HS198'),
('Lop10', 'HS199'),
('Lop10', 'HS200');

--
-- Bẫy `lophoc_hocsinh`
--
DELIMITER $$
CREATE TRIGGER `tang_siso_lophoc` AFTER INSERT ON `lophoc_hocsinh` FOR EACH ROW UPDATE lophoc SET SiSo  = SiSo + 1 where lophoc.MaLop = new.MaLop
$$
DELIMITER ;

-- --------------------------------------------------------

--
-- Cấu trúc bảng cho bảng `monhoc`
--

CREATE TABLE `monhoc` (
  `MaMon` varchar(50) COLLATE utf8mb4_bin NOT NULL,
  `TenMon` varchar(200) CHARACTER SET utf8 NOT NULL,
  `Khoi` int(11) NOT NULL,
  `MaBoMon` varchar(50) COLLATE utf8mb4_bin NOT NULL
) ENGINE=InnoDB DEFAULT CHARSET=utf8mb4 COLLATE=utf8mb4_bin;

--
-- Đang đổ dữ liệu cho bảng `monhoc`
--

INSERT INTO `monhoc` (`MaMon`, `TenMon`, `Khoi`, `MaBoMon`) VALUES
('Anh6', 'Anh 6', 6, 'XaHoi'),
('Anh7', 'Anh 7', 7, 'XaHoi'),
('Anh8', 'Anh 8', 8, 'XaHoi'),
('Anh9', 'Anh 9', 9, 'XaHoi'),
('CongDan6', 'Công dân 6', 6, 'XaHoi'),
('CongDan7', 'Công dân 7', 7, 'XaHoi'),
('CongDan8', 'Công dân 8', 8, 'XaHoi'),
('CongDan9', 'Công dân 9', 9, 'XaHoi'),
('CongNghe6', 'Công nghê 6', 6, 'XaHoi'),
('CongNghe7', 'Công nghê 7', 7, 'XaHoi'),
('CongNghe8', 'Công nghê 8', 8, 'XaHoi'),
('CongNghe9', 'Công nghê 9', 9, 'XaHoi'),
('DiaLy6', 'Địa lý 6', 6, 'XaHoi'),
('DiaLy7', 'Địa lý 7', 7, 'XaHoi'),
('DiaLy8', 'Địa lý 8', 8, 'XaHoi'),
('DiaLy9', 'Địa lý 9', 9, 'XaHoi'),
('HoaHoc8', 'Hóa học 8', 8, 'TuNhien'),
('HoaHoc9', 'Hóa học 9', 9, 'TuNhien'),
('LichSu6', 'Lịch Sử 6', 6, 'XaHoi'),
('LichSu7', 'Lịch Sử 7', 7, 'XaHoi'),
('LichSu8', 'Lịch sử 8', 8, 'XaHoi'),
('LichSu9', 'Lịch Sử 9', 9, 'XaHoi'),
('Nhac6', 'Nhạc 6', 6, 'XaHoi'),
('Nhac7', 'Nhạc 7', 7, 'XaHoi'),
('Nhac8', 'Nhạc 8', 8, 'XaHoi'),
('Nhac9', 'Nhạc 9', 9, 'XaHoi'),
('SinhHoc8', 'Sinh học 8', 8, 'TuNhien'),
('SinhHoc9', 'Sinh học 9', 9, 'TuNhien'),
('TheDuc6', 'Thể dục 6', 6, 'XaHoi'),
('TheDuc7', 'Thể dục 7', 7, 'XaHoi'),
('TheDuc8', 'Thể dục 8', 8, 'XaHoi'),
('TheDuc9', 'Thể dục 9', 9, 'XaHoi'),
('Tin6', 'Tin 6', 6, 'TuNhien'),
('Tin7', 'Tin 7', 7, 'TuNhien'),
('Tin8', 'Tin 8', 8, 'TuNhien'),
('Tin9', 'Tin 9', 9, 'TuNhien'),
('Toan6', 'Toán 6', 6, 'TuNhien'),
('Toan7', 'Toán 7', 7, 'TuNhien'),
('Toan8', 'Toán 8', 8, 'TuNhien'),
('Toan9', 'Toán 9', 9, 'TuNhien'),
('Van6', 'Văn 6', 6, 'XaHoi'),
('Van7', 'Văn 7', 7, 'XaHoi'),
('Van8', 'Văn 8', 8, 'XaHoi'),
('Van9', 'Văn 9', 9, 'XaHoi');

-- --------------------------------------------------------

--
-- Cấu trúc bảng cho bảng `namhoc`
--

CREATE TABLE `namhoc` (
  `NamHoc` varchar(50) COLLATE utf8mb4_bin NOT NULL
) ENGINE=InnoDB DEFAULT CHARSET=utf8mb4 COLLATE=utf8mb4_bin;

--
-- Đang đổ dữ liệu cho bảng `namhoc`
--

INSERT INTO `namhoc` (`NamHoc`) VALUES
('2020-2021'),
('2021-2022');

-- --------------------------------------------------------

--
-- Cấu trúc bảng cho bảng `namhoc_hocky`
--

CREATE TABLE `namhoc_hocky` (
  `NamHoc` varchar(50) COLLATE utf8mb4_bin NOT NULL,
  `HocKy` varchar(50) COLLATE utf8mb4_bin NOT NULL,
  `NgayBD` date NOT NULL,
  `NgayKT` date NOT NULL
) ENGINE=InnoDB DEFAULT CHARSET=utf8mb4 COLLATE=utf8mb4_bin;

--
-- Đang đổ dữ liệu cho bảng `namhoc_hocky`
--

INSERT INTO `namhoc_hocky` (`NamHoc`, `HocKy`, `NgayBD`, `NgayKT`) VALUES
('2020-2021', '1', '2020-09-01', '2020-12-30'),
('2020-2021', '2', '2021-01-01', '2021-05-06'),
('2021-2022', '1', '2021-09-01', '2021-12-30'),
('2021-2022', '2', '2022-01-01', '2022-05-05');

-- --------------------------------------------------------

--
-- Cấu trúc bảng cho bảng `thu`
--

CREATE TABLE `thu` (
  `Thu` int(11) NOT NULL
) ENGINE=InnoDB DEFAULT CHARSET=utf8mb4 COLLATE=utf8mb4_bin;

--
-- Đang đổ dữ liệu cho bảng `thu`
--

INSERT INTO `thu` (`Thu`) VALUES
(2),
(3),
(4),
(5),
(6),
(7),
(8);

-- --------------------------------------------------------

--
-- Cấu trúc bảng cho bảng `tiet`
--

CREATE TABLE `tiet` (
  `Tiet` int(11) NOT NULL
) ENGINE=InnoDB DEFAULT CHARSET=utf8mb4 COLLATE=utf8mb4_bin;

--
-- Đang đổ dữ liệu cho bảng `tiet`
--

INSERT INTO `tiet` (`Tiet`) VALUES
(1),
(2),
(3),
(4),
(5),
(6),
(7),
(8),
(9),
(10);

-- --------------------------------------------------------

--
-- Cấu trúc bảng cho bảng `tkb`
--

CREATE TABLE `tkb` (
  `NamHoc` varchar(50) COLLATE utf8mb4_bin NOT NULL,
  `HocKy` varchar(50) COLLATE utf8mb4_bin NOT NULL,
  `Tuan` int(11) NOT NULL,
  `Thu` int(11) NOT NULL,
  `Tiet` int(11) NOT NULL,
  `MaLop` varchar(50) COLLATE utf8mb4_bin NOT NULL,
  `MaMon` varchar(50) COLLATE utf8mb4_bin NOT NULL
) ENGINE=InnoDB DEFAULT CHARSET=utf8mb4 COLLATE=utf8mb4_bin;

--
-- Đang đổ dữ liệu cho bảng `tkb`
--

INSERT INTO `tkb` (`NamHoc`, `HocKy`, `Tuan`, `Thu`, `Tiet`, `MaLop`, `MaMon`) VALUES
('2021-2022', '1', 1, 2, 2, 'Lop01', 'CongDan6'),
('2021-2022', '1', 1, 2, 2, 'Lop02', 'Nhac6'),
('2021-2022', '1', 1, 2, 3, 'Lop01', 'Anh6'),
('2021-2022', '1', 1, 2, 3, 'Lop02', 'Anh6'),
('2021-2022', '1', 1, 2, 3, 'Lop03', 'Anh6'),
('2021-2022', '1', 1, 3, 2, 'Lop01', 'Van6'),
('2021-2022', '1', 1, 3, 4, 'Lop02', 'Toan6'),
('2021-2022', '1', 1, 3, 4, 'Lop10', 'Anh9'),
('2021-2022', '1', 1, 4, 2, 'Lop03', 'Anh6'),
('2021-2022', '1', 1, 6, 5, 'Lop01', 'Van6'),
('2021-2022', '1', 1, 7, 1, 'Lop10', 'Nhac9'),
('2021-2022', '1', 14, 2, 1, 'Lop01', 'Anh6'),
('2021-2022', '2', 2, 3, 1, 'Lop01', 'Anh6'),
('2021-2022', '2', 2, 3, 1, 'Lop02', 'Anh6'),
('2021-2022', '2', 2, 4, 1, 'Lop01', 'Anh6');

-- --------------------------------------------------------

--
-- Cấu trúc bảng cho bảng `tuan`
--

CREATE TABLE `tuan` (
  `Tuan` int(11) NOT NULL
) ENGINE=InnoDB DEFAULT CHARSET=utf8mb4 COLLATE=utf8mb4_bin;

--
-- Đang đổ dữ liệu cho bảng `tuan`
--

INSERT INTO `tuan` (`Tuan`) VALUES
(1),
(2),
(3),
(4),
(5),
(6),
(7),
(8),
(9),
(10),
(11),
(12),
(13),
(14),
(15);

--
-- Chỉ mục cho các bảng đã đổ
--

--
-- Chỉ mục cho bảng `admin`
--
ALTER TABLE `admin`
  ADD PRIMARY KEY (`username`);

--
-- Chỉ mục cho bảng `bomon`
--
ALTER TABLE `bomon`
  ADD PRIMARY KEY (`MaBoMon`);

--
-- Chỉ mục cho bảng `danhgia`
--
ALTER TABLE `danhgia`
  ADD PRIMARY KEY (`MaHS`,`MaLop`);

--
-- Chỉ mục cho bảng `dayhoc`
--
ALTER TABLE `dayhoc`
  ADD PRIMARY KEY (`MaMon`,`MaLop`),
  ADD KEY `MaLop` (`MaLop`),
  ADD KEY `MaGV` (`MaGV`);

--
-- Chỉ mục cho bảng `diem`
--
ALTER TABLE `diem`
  ADD PRIMARY KEY (`MaHS`,`MaLop`,`MaMon`),
  ADD KEY `MaMon` (`MaMon`);

--
-- Chỉ mục cho bảng `diemtbnam`
--
ALTER TABLE `diemtbnam`
  ADD PRIMARY KEY (`MaHS`,`NamHoc`),
  ADD KEY `NamHoc` (`NamHoc`);

--
-- Chỉ mục cho bảng `giaovien`
--
ALTER TABLE `giaovien`
  ADD PRIMARY KEY (`MaGV`),
  ADD KEY `MaBoMon` (`MaBoMon`);

--
-- Chỉ mục cho bảng `hocky`
--
ALTER TABLE `hocky`
  ADD PRIMARY KEY (`HocKy`);

--
-- Chỉ mục cho bảng `hocsinh`
--
ALTER TABLE `hocsinh`
  ADD PRIMARY KEY (`MaHS`);

--
-- Chỉ mục cho bảng `khoi`
--
ALTER TABLE `khoi`
  ADD PRIMARY KEY (`Khoi`);

--
-- Chỉ mục cho bảng `lophoc`
--
ALTER TABLE `lophoc`
  ADD PRIMARY KEY (`MaLop`),
  ADD KEY `MaGV` (`MaGV`),
  ADD KEY `NamHoc` (`NamHoc`),
  ADD KEY `Khoi` (`Khoi`);

--
-- Chỉ mục cho bảng `lophoc_hocsinh`
--
ALTER TABLE `lophoc_hocsinh`
  ADD PRIMARY KEY (`MaLop`,`MaHS`),
  ADD KEY `MaHS` (`MaHS`);

--
-- Chỉ mục cho bảng `monhoc`
--
ALTER TABLE `monhoc`
  ADD PRIMARY KEY (`MaMon`),
  ADD KEY `Khoi` (`Khoi`),
  ADD KEY `MaBoMon` (`MaBoMon`);

--
-- Chỉ mục cho bảng `namhoc`
--
ALTER TABLE `namhoc`
  ADD PRIMARY KEY (`NamHoc`);

--
-- Chỉ mục cho bảng `namhoc_hocky`
--
ALTER TABLE `namhoc_hocky`
  ADD PRIMARY KEY (`NamHoc`,`HocKy`),
  ADD KEY `HocKy` (`HocKy`);

--
-- Chỉ mục cho bảng `thu`
--
ALTER TABLE `thu`
  ADD PRIMARY KEY (`Thu`);

--
-- Chỉ mục cho bảng `tiet`
--
ALTER TABLE `tiet`
  ADD PRIMARY KEY (`Tiet`);

--
-- Chỉ mục cho bảng `tkb`
--
ALTER TABLE `tkb`
  ADD PRIMARY KEY (`NamHoc`,`HocKy`,`Tuan`,`Thu`,`Tiet`,`MaLop`,`MaMon`),
  ADD KEY `Tuan` (`Tuan`),
  ADD KEY `Thu` (`Thu`),
  ADD KEY `Tiet` (`Tiet`),
  ADD KEY `MaLop` (`MaLop`,`MaMon`);

--
-- Chỉ mục cho bảng `tuan`
--
ALTER TABLE `tuan`
  ADD PRIMARY KEY (`Tuan`);

--
-- Các ràng buộc cho các bảng đã đổ
--

--
-- Các ràng buộc cho bảng `danhgia`
--
ALTER TABLE `danhgia`
  ADD CONSTRAINT `danhgia_ibfk_1` FOREIGN KEY (`MaHS`,`MaLop`) REFERENCES `lophoc_hocsinh` (`MaHS`, `MaLop`) ON DELETE CASCADE ON UPDATE CASCADE;

--
-- Các ràng buộc cho bảng `dayhoc`
--
ALTER TABLE `dayhoc`
  ADD CONSTRAINT `dayhoc_ibfk_1` FOREIGN KEY (`MaMon`) REFERENCES `monhoc` (`MaMon`) ON DELETE CASCADE ON UPDATE CASCADE,
  ADD CONSTRAINT `dayhoc_ibfk_2` FOREIGN KEY (`MaLop`) REFERENCES `lophoc` (`MaLop`) ON DELETE CASCADE ON UPDATE CASCADE,
  ADD CONSTRAINT `dayhoc_ibfk_3` FOREIGN KEY (`MaGV`) REFERENCES `giaovien` (`MaGV`) ON DELETE CASCADE ON UPDATE CASCADE;

--
-- Các ràng buộc cho bảng `diem`
--
ALTER TABLE `diem`
  ADD CONSTRAINT `diem_ibfk_1` FOREIGN KEY (`MaMon`) REFERENCES `monhoc` (`MaMon`) ON DELETE CASCADE ON UPDATE CASCADE,
  ADD CONSTRAINT `diem_ibfk_2` FOREIGN KEY (`MaHS`,`MaLop`) REFERENCES `lophoc_hocsinh` (`MaHS`, `MaLop`) ON DELETE CASCADE ON UPDATE CASCADE;

--
-- Các ràng buộc cho bảng `diemtbnam`
--
ALTER TABLE `diemtbnam`
  ADD CONSTRAINT `diemtbnam_ibfk_1` FOREIGN KEY (`MaHS`) REFERENCES `hocsinh` (`MaHS`) ON DELETE CASCADE ON UPDATE CASCADE,
  ADD CONSTRAINT `diemtbnam_ibfk_2` FOREIGN KEY (`NamHoc`) REFERENCES `namhoc` (`NamHoc`) ON DELETE CASCADE ON UPDATE CASCADE;

--
-- Các ràng buộc cho bảng `giaovien`
--
ALTER TABLE `giaovien`
  ADD CONSTRAINT `giaovien_ibfk_1` FOREIGN KEY (`MaBoMon`) REFERENCES `bomon` (`MaBoMon`) ON DELETE CASCADE ON UPDATE CASCADE;

--
-- Các ràng buộc cho bảng `lophoc`
--
ALTER TABLE `lophoc`
  ADD CONSTRAINT `lophoc_ibfk_1` FOREIGN KEY (`MaGV`) REFERENCES `giaovien` (`MaGV`) ON DELETE CASCADE ON UPDATE CASCADE,
  ADD CONSTRAINT `lophoc_ibfk_2` FOREIGN KEY (`NamHoc`) REFERENCES `namhoc` (`NamHoc`) ON DELETE CASCADE ON UPDATE CASCADE,
  ADD CONSTRAINT `lophoc_ibfk_3` FOREIGN KEY (`Khoi`) REFERENCES `khoi` (`Khoi`) ON DELETE CASCADE ON UPDATE CASCADE;

--
-- Các ràng buộc cho bảng `lophoc_hocsinh`
--
ALTER TABLE `lophoc_hocsinh`
  ADD CONSTRAINT `lophoc_hocsinh_ibfk_1` FOREIGN KEY (`MaLop`) REFERENCES `lophoc` (`MaLop`) ON DELETE CASCADE ON UPDATE CASCADE,
  ADD CONSTRAINT `lophoc_hocsinh_ibfk_2` FOREIGN KEY (`MaHS`) REFERENCES `hocsinh` (`MaHS`) ON DELETE CASCADE ON UPDATE CASCADE;

--
-- Các ràng buộc cho bảng `monhoc`
--
ALTER TABLE `monhoc`
  ADD CONSTRAINT `monhoc_ibfk_1` FOREIGN KEY (`Khoi`) REFERENCES `khoi` (`Khoi`) ON DELETE CASCADE ON UPDATE CASCADE,
  ADD CONSTRAINT `monhoc_ibfk_2` FOREIGN KEY (`MaBoMon`) REFERENCES `bomon` (`MaBoMon`);

--
-- Các ràng buộc cho bảng `namhoc_hocky`
--
ALTER TABLE `namhoc_hocky`
  ADD CONSTRAINT `namhoc_hocky_ibfk_1` FOREIGN KEY (`NamHoc`) REFERENCES `namhoc` (`NamHoc`) ON DELETE CASCADE ON UPDATE CASCADE,
  ADD CONSTRAINT `namhoc_hocky_ibfk_2` FOREIGN KEY (`HocKy`) REFERENCES `hocky` (`HocKy`) ON DELETE CASCADE ON UPDATE CASCADE;

--
-- Các ràng buộc cho bảng `tkb`
--
ALTER TABLE `tkb`
  ADD CONSTRAINT `tkb_ibfk_1` FOREIGN KEY (`NamHoc`,`HocKy`) REFERENCES `namhoc_hocky` (`NamHoc`, `HocKy`) ON DELETE CASCADE ON UPDATE CASCADE,
  ADD CONSTRAINT `tkb_ibfk_2` FOREIGN KEY (`Tuan`) REFERENCES `tuan` (`Tuan`) ON DELETE CASCADE ON UPDATE CASCADE,
  ADD CONSTRAINT `tkb_ibfk_3` FOREIGN KEY (`Thu`) REFERENCES `thu` (`Thu`) ON DELETE CASCADE ON UPDATE CASCADE,
  ADD CONSTRAINT `tkb_ibfk_4` FOREIGN KEY (`Tiet`) REFERENCES `tiet` (`Tiet`) ON DELETE CASCADE ON UPDATE CASCADE,
  ADD CONSTRAINT `tkb_ibfk_5` FOREIGN KEY (`MaLop`,`MaMon`) REFERENCES `dayhoc` (`MaLop`, `MaMon`) ON DELETE CASCADE ON UPDATE CASCADE;
COMMIT;

/*!40101 SET CHARACTER_SET_CLIENT=@OLD_CHARACTER_SET_CLIENT */;
/*!40101 SET CHARACTER_SET_RESULTS=@OLD_CHARACTER_SET_RESULTS */;
/*!40101 SET COLLATION_CONNECTION=@OLD_COLLATION_CONNECTION */;
